country,year,long_term_government
united_kingdom,1727,3.57
united_kingdom,1729,3.24
united_kingdom,1730,3.3
united_kingdom,1731,3.12
united_kingdom,1732,3.03
united_kingdom,1733,3.09
united_kingdom,1734,3.19
united_kingdom,1735,3.19
united_kingdom,1736,2.86
united_kingdom,1737,2.83
united_kingdom,1738,2.86
united_kingdom,1739,3.06
united_kingdom,1740,3.0
united_kingdom,1741,3.03
united_kingdom,1742,3.0
united_kingdom,1743,2.97
united_kingdom,1744,3.24
united_kingdom,1745,3.53
united_kingdom,1746,3.41
united_kingdom,1747,3.66
united_kingdom,1748,3.41
united_kingdom,1749,2.97
united_kingdom,1750,3.0
united_kingdom,1751,3.03
united_kingdom,1752,2.86
united_kingdom,1753,2.86
united_kingdom,1754,2.91
united_kingdom,1755,3.14
united_kingdom,1756,3.37
united_kingdom,1757,3.39
united_kingdom,1758,3.21
united_kingdom,1759,3.59
united_kingdom,1760,3.77
united_kingdom,1761,3.9
united_kingdom,1762,4.29
united_kingdom,1763,3.37
united_kingdom,1764,3.61
united_kingdom,1765,3.41
united_kingdom,1766,3.39
united_kingdom,1767,3.37
united_kingdom,1768,3.31
united_kingdom,1769,3.47
united_kingdom,1770,3.64
united_kingdom,1771,3.55
united_kingdom,1772,3.3
united_kingdom,1773,3.47
united_kingdom,1774,3.43
united_kingdom,1775,3.39
united_kingdom,1776,3.51
united_kingdom,1777,3.85
united_kingdom,1778,4.51
united_kingdom,1779,4.88
united_kingdom,1780,4.88
united_kingdom,1781,5.22
united_kingdom,1782,5.26
united_kingdom,1783,4.76
united_kingdom,1784,5.41
united_kingdom,1785,4.76
united_kingdom,1786,4.06
united_kingdom,1787,4.08
united_kingdom,1788,4.06
united_kingdom,1789,3.92
united_kingdom,1790,3.9
united_kingdom,1791,3.58
united_kingdom,1792,3.33
united_kingdom,1793,3.96
united_kingdom,1794,4.4
united_kingdom,1795,4.52
united_kingdom,1796,4.8
united_kingdom,1797,5.9
france,1798,30.1
united_kingdom,1798,5.94
united_states,1798,7.56
france,1799,34.0
united_kingdom,1799,5.07
united_states,1799,7.29
france,1800,16.28
united_kingdom,1800,4.71
united_states,1800,6.94
france,1801,9.3
united_kingdom,1801,4.92
united_states,1801,6.44
france,1802,9.0
united_kingdom,1802,4.23
united_states,1802,6.02
france,1803,8.8
united_kingdom,1803,4.99
united_states,1803,6.16
france,1804,8.9
united_kingdom,1804,5.3
united_states,1804,6.29
france,1805,8.7
united_kingdom,1805,5.04
united_states,1805,6.38
france,1806,7.3
united_kingdom,1806,4.87
united_states,1806,6.14
france,1807,6.1
united_kingdom,1807,4.92
united_states,1807,6.08
france,1808,5.98
united_kingdom,1808,4.55
united_states,1808,5.96
france,1809,6.25
united_kingdom,1809,4.49
united_states,1809,5.85
france,1810,6.15
united_kingdom,1810,4.47
united_states,1810,5.82
france,1811,6.22
united_kingdom,1811,4.67
united_states,1811,5.95
france,1812,6.25
united_kingdom,1812,5.08
united_states,1812,6.12
france,1813,7.9
united_kingdom,1813,4.92
united_states,1813,6.3
france,1814,8.0
netherlands,1814,6.66
united_kingdom,1814,4.92
united_states,1814,7.64
france,1815,7.45
germany,1815,4.94
netherlands,1815,6.09
united_kingdom,1815,4.48
united_states,1815,7.02
france,1816,8.35
germany,1816,5.19
netherlands,1816,5.69
united_kingdom,1816,5.02
united_states,1816,6.75
france,1817,8.15
germany,1817,5.46
netherlands,1817,5.76
united_kingdom,1817,4.1
united_states,1817,5.86
france,1818,7.2
germany,1818,5.86
netherlands,1818,5.8
united_kingdom,1818,3.87
united_states,1818,5.78
france,1819,7.25
germany,1819,5.79
netherlands,1819,5.7
united_kingdom,1819,4.17
united_states,1819,5.9
france,1820,6.7
germany,1820,5.72
netherlands,1820,5.52
united_kingdom,1820,4.42
united_states,1820,5.71
france,1821,6.15
germany,1821,5.87
netherlands,1821,5.25
united_kingdom,1821,4.07
united_states,1821,5.49
france,1822,5.6
germany,1822,5.47
netherlands,1822,5.25
united_kingdom,1822,3.79
united_states,1822,5.63
france,1823,5.95
germany,1823,5.47
netherlands,1823,5.2
united_kingdom,1823,3.8
united_states,1823,5.64
france,1824,5.05
germany,1824,4.4
netherlands,1824,4.29
united_kingdom,1824,3.3
united_states,1824,5.52
france,1825,4.4
germany,1825,4.41
netherlands,1825,4.45
united_kingdom,1825,3.54
united_states,1825,5.62
france,1826,4.42
germany,1826,4.74
netherlands,1826,4.9
united_kingdom,1826,3.79
united_states,1826,5.79
france,1827,4.3
germany,1827,4.54
netherlands,1827,4.76
united_kingdom,1827,3.61
united_states,1827,5.77
france,1828,4.2
germany,1828,4.41
netherlands,1828,4.37
united_kingdom,1828,3.54
united_states,1828,5.8
france,1829,3.75
germany,1829,4.12
netherlands,1829,3.94
united_kingdom,1829,3.34
united_states,1829,5.85
france,1830,4.28
germany,1830,4.09
netherlands,1830,6.22
united_kingdom,1830,3.49
united_states,1830,3.82
belgium,1831,6.49
france,1831,5.15
germany,1831,4.41
netherlands,1831,6.02
united_kingdom,1831,3.76
united_states,1831,3.71
belgium,1832,5.86
france,1832,4.51
germany,1832,4.27
netherlands,1832,5.97
united_kingdom,1832,3.58
united_states,1832,3.57
belgium,1833,5.37
france,1833,3.98
germany,1833,4.13
netherlands,1833,5.0
united_kingdom,1833,3.42
united_states,1833,4.04
belgium,1834,4.85
france,1834,3.91
germany,1834,4.03
netherlands,1834,4.62
united_kingdom,1834,3.32
united_states,1834,4.45
belgium,1835,4.64
france,1835,3.77
germany,1835,3.96
netherlands,1835,4.54
united_kingdom,1835,3.29
belgium,1836,4.68
france,1836,3.77
germany,1836,3.94
netherlands,1836,4.62
united_kingdom,1836,3.35
belgium,1837,4.7
france,1837,3.76
germany,1837,3.91
netherlands,1837,4.75
united_kingdom,1837,3.3
belgium,1838,4.59
france,1838,3.74
germany,1838,3.9
netherlands,1838,4.6
united_kingdom,1838,3.23
belgium,1839,4.64
france,1839,3.74
germany,1839,3.86
netherlands,1839,4.79
united_kingdom,1839,3.28
belgium,1840,4.46
france,1840,3.98
germany,1840,3.86
netherlands,1840,5.01
united_kingdom,1840,3.35
belgium,1841,4.76
france,1841,3.84
germany,1841,3.84
netherlands,1841,4.85
united_kingdom,1841,3.38
belgium,1842,4.75
france,1842,3.78
germany,1842,3.83
netherlands,1842,4.78
united_kingdom,1842,3.27
united_states,1842,6.12
belgium,1843,4.51
france,1843,3.71
germany,1843,3.84
netherlands,1843,4.56
united_kingdom,1843,3.17
united_states,1843,5.03
belgium,1844,4.2
france,1844,3.63
germany,1844,3.45
netherlands,1844,3.84
united_kingdom,1844,3.03
united_states,1844,4.85
belgium,1845,4.17
france,1845,3.58
germany,1845,3.52
netherlands,1845,4.04
united_kingdom,1845,3.12
united_states,1845,5.16
belgium,1846,4.45
france,1846,3.63
germany,1846,3.66
netherlands,1846,4.18
united_kingdom,1846,3.13
united_states,1846,5.5
belgium,1847,4.76
france,1847,3.88
germany,1847,3.76
netherlands,1847,4.52
united_kingdom,1847,3.44
united_states,1847,5.77
belgium,1848,7.15
france,1848,5.58
germany,1848,4.6
netherlands,1848,5.02
united_kingdom,1848,3.51
united_states,1848,5.71
belgium,1849,5.47
france,1849,5.8
germany,1849,4.13
netherlands,1849,4.51
united_kingdom,1849,3.24
united_states,1849,5.16
belgium,1850,5.05
france,1850,5.33
germany,1850,4.1
netherlands,1850,4.36
united_kingdom,1850,3.11
united_states,1850,4.58
belgium,1851,4.97
france,1851,4.94
germany,1851,3.99
netherlands,1851,4.28
united_kingdom,1851,3.09
united_states,1851,4.47
belgium,1852,4.64
france,1852,4.0
germany,1852,3.76
netherlands,1852,3.76
united_kingdom,1852,3.02
united_states,1852,4.39
belgium,1853,4.52
france,1853,3.9
germany,1853,3.82
netherlands,1853,3.99
united_kingdom,1853,3.07
united_states,1853,4.02
belgium,1854,4.98
france,1854,4.34
germany,1854,4.21
netherlands,1854,4.16
united_kingdom,1854,3.27
united_states,1854,4.14
belgium,1855,4.7
france,1855,4.42
germany,1855,4.1
netherlands,1855,3.98
united_kingdom,1855,3.31
united_states,1855,4.18
belgium,1856,4.6
france,1856,4.39
germany,1856,4.15
netherlands,1856,3.94
united_kingdom,1856,3.22
united_states,1856,4.11
belgium,1857,4.48
france,1857,4.39
germany,1857,4.23
netherlands,1857,3.94
united_kingdom,1857,3.27
united_states,1857,4.3
belgium,1858,4.48
france,1858,4.21
germany,1858,4.15
netherlands,1858,3.88
united_kingdom,1858,3.1
united_states,1858,4.32
belgium,1859,4.51
france,1859,4.55
germany,1859,4.29
netherlands,1859,3.9
united_kingdom,1859,3.15
united_states,1859,4.72
belgium,1860,4.49
france,1860,4.34
germany,1860,4.11
netherlands,1860,4.0
united_kingdom,1860,3.19
united_states,1860,5.86
belgium,1861,4.42
france,1861,4.38
germany,1861,3.94
italy,1861,6.97
netherlands,1861,3.97
united_kingdom,1861,3.28
united_states,1861,6.7
belgium,1862,4.37
france,1862,4.28
germany,1862,3.86
italy,1862,7.26
netherlands,1862,3.89
united_kingdom,1862,3.23
united_states,1862,6.12
belgium,1863,4.1
france,1863,4.39
germany,1863,3.91
italy,1863,7.09
netherlands,1863,3.92
united_kingdom,1863,3.24
united_states,1863,5.92
belgium,1864,4.26
france,1864,4.54
germany,1864,3.88
italy,1864,7.55
netherlands,1864,4.01
united_kingdom,1864,3.33
united_states,1864,5.45
belgium,1865,4.25
france,1865,4.42
germany,1865,3.87
italy,1865,7.83
netherlands,1865,4.05
united_kingdom,1865,3.35
united_states,1865,5.56
belgium,1866,4.36
france,1866,4.55
germany,1866,4.31
italy,1866,9.23
netherlands,1866,4.5
united_kingdom,1866,3.41
united_states,1866,5.49
belgium,1867,4.43
france,1867,4.42
germany,1867,4.18
italy,1867,9.66
netherlands,1867,4.76
united_kingdom,1867,3.23
united_states,1867,5.45
belgium,1868,4.23
france,1868,4.27
germany,1868,4.25
italy,1868,9.32
netherlands,1868,4.39
united_kingdom,1868,3.2
united_states,1868,5.29
belgium,1869,4.02
france,1869,4.17
italy,1869,8.95
netherlands,1869,4.65
united_kingdom,1869,3.23
united_states,1869,5.09
belgium,1870,4.02
france,1870,4.76
germany,1870,4.87
italy,1870,9.0
netherlands,1870,4.75
united_kingdom,1870,3.24
united_states,1870,5.2
belgium,1871,4.04
france,1871,5.51
germany,1871,4.45
italy,1871,7.2
netherlands,1871,4.33
united_kingdom,1871,3.23
united_states,1871,5.22
belgium,1872,3.91
chile,1872,6.19
france,1872,5.47
germany,1872,4.18
italy,1872,5.98
netherlands,1872,4.66
united_kingdom,1872,3.24
united_states,1872,5.12
belgium,1873,3.87
chile,1873,6.66
france,1873,5.34
germany,1873,4.08
italy,1873,6.25
netherlands,1873,4.33
united_kingdom,1873,3.24
united_states,1873,5.12
belgium,1874,4.08
chile,1874,7.03
france,1874,4.9
germany,1874,4.02
italy,1874,6.25
netherlands,1874,4.01
united_kingdom,1874,3.24
united_states,1874,5.03
belgium,1875,4.08
chile,1875,6.95
france,1875,4.66
germany,1875,4.09
italy,1875,5.88
netherlands,1875,3.96
united_kingdom,1875,3.2
united_states,1875,4.9
belgium,1876,4.08
chile,1876,7.03
france,1876,4.35
germany,1876,4.12
italy,1876,5.84
netherlands,1876,3.96
united_kingdom,1876,3.16
united_states,1876,4.91
belgium,1877,3.98
chile,1877,7.23
france,1877,4.27
germany,1877,4.2
italy,1877,5.88
netherlands,1877,3.91
united_kingdom,1877,3.15
united_states,1877,5.32
belgium,1878,3.97
chile,1878,7.81
france,1878,4.06
germany,1878,4.19
italy,1878,5.6
netherlands,1878,3.98
united_kingdom,1878,3.15
united_states,1878,5.55
belgium,1879,3.81
chile,1879,7.23
france,1879,3.73
germany,1879,4.07
italy,1879,5.15
netherlands,1879,3.86
united_kingdom,1879,3.08
united_states,1879,5.66
belgium,1880,3.65
chile,1880,5.8
france,1880,3.56
germany,1880,4.03
italy,1880,4.88
netherlands,1880,3.84
united_kingdom,1880,3.05
united_states,1880,3.76
belgium,1881,3.56
chile,1881,5.58
france,1881,3.54
germany,1881,3.94
italy,1881,4.87
netherlands,1881,3.72
united_kingdom,1881,3.0
united_states,1881,3.46
belgium,1882,3.56
chile,1882,5.58
france,1882,3.67
germany,1882,3.96
italy,1882,4.97
netherlands,1882,3.75
united_kingdom,1882,2.99
united_states,1882,3.35
belgium,1883,3.58
chile,1883,5.75
france,1883,3.83
germany,1883,3.93
italy,1883,4.97
netherlands,1883,3.84
united_kingdom,1883,2.97
united_states,1883,3.32
belgium,1884,3.56
chile,1884,5.67
france,1884,3.88
germany,1884,3.88
italy,1884,4.61
netherlands,1884,3.75
united_kingdom,1884,2.97
united_states,1884,3.29
belgium,1885,3.4
chile,1885,5.67
france,1885,3.79
germany,1885,3.84
italy,1885,4.56
netherlands,1885,3.6
united_kingdom,1885,3.02
united_states,1885,3.17
belgium,1886,3.13
chile,1886,5.8
france,1886,3.66
germany,1886,3.77
italy,1886,4.14
netherlands,1886,3.36
united_kingdom,1886,2.98
united_states,1886,3.16
belgium,1887,3.12
chile,1887,5.62
france,1887,3.78
germany,1887,3.76
italy,1887,4.46
netherlands,1887,3.38
united_kingdom,1887,2.95
united_states,1887,3.14
belgium,1888,3.1
chile,1888,5.42
france,1888,3.63
germany,1888,3.71
italy,1888,4.52
netherlands,1888,3.25
united_kingdom,1888,2.97
united_states,1888,3.13
belgium,1889,3.11
chile,1889,5.58
france,1889,3.51
germany,1889,3.7
italy,1889,4.58
netherlands,1889,2.99
united_kingdom,1889,2.81
united_states,1889,3.14
belgium,1890,2.97
chile,1890,5.67
france,1890,3.26
germany,1890,3.75
italy,1890,4.6
netherlands,1890,3.19
united_kingdom,1890,2.67
united_states,1890,3.26
belgium,1891,2.83
france,1891,3.18
germany,1891,3.77
italy,1891,4.71
netherlands,1891,3.15
united_kingdom,1891,2.7
united_states,1891,3.38
belgium,1892,2.82
chile,1892,5.58
france,1892,3.07
germany,1892,3.74
italy,1892,4.66
netherlands,1892,3.01
united_kingdom,1892,2.65
united_states,1892,3.46
belgium,1893,2.69
chile,1893,5.88
france,1893,3.1
germany,1893,3.73
italy,1893,4.63
netherlands,1893,2.96
united_kingdom,1893,2.61
united_states,1893,3.56
belgium,1894,2.56
chile,1894,6.1
france,1894,2.98
germany,1894,3.75
italy,1894,4.59
netherlands,1894,2.66
united_kingdom,1894,2.52
united_states,1894,3.51
belgium,1895,2.57
chile,1895,6.33
france,1895,2.96
germany,1895,3.79
italy,1895,4.37
netherlands,1895,2.69
united_kingdom,1895,2.39
united_states,1895,3.56
belgium,1896,2.65
chile,1896,6.7
france,1896,2.94
germany,1896,3.79
italy,1896,4.35
netherlands,1896,2.8
united_kingdom,1896,2.28
united_states,1896,3.78
belgium,1897,2.63
chile,1897,6.4
france,1897,2.9
germany,1897,3.85
italy,1897,4.18
netherlands,1897,2.84
united_kingdom,1897,2.25
united_states,1897,3.54
belgium,1898,2.62
chile,1898,6.66
france,1898,2.92
italy,1898,4.06
netherlands,1898,2.88
united_kingdom,1898,2.28
united_states,1898,3.58
belgium,1899,2.78
chile,1899,6.2
france,1899,2.98
italy,1899,4.01
netherlands,1899,3.14
united_kingdom,1899,2.36
united_states,1899,3.54
argentina,1900,5.14
belgium,1900,2.92
brazil,1900,6.32
canada,1900,3.61
chile,1900,5.8
france,1900,2.98
germany,1900,3.68
italy,1900,4.02
netherlands,1900,3.29
united_kingdom,1900,2.54
united_states,1900,2.12
argentina,1901,5.24
belgium,1901,2.91
brazil,1901,6.02
canada,1901,3.77
chile,1901,5.8
france,1901,2.96
germany,1901,3.65
italy,1901,3.97
netherlands,1901,3.24
united_kingdom,1901,2.67
united_states,1901,1.98
argentina,1902,5.29
belgium,1902,2.84
brazil,1902,5.56
canada,1902,3.79
chile,1902,5.67
france,1902,2.99
germany,1902,3.52
italy,1902,3.91
netherlands,1902,3.07
united_kingdom,1902,2.66
united_states,1902,1.93
argentina,1903,5.01
belgium,1903,2.77
brazil,1903,5.21
canada,1903,3.76
chile,1903,5.74
france,1903,3.06
germany,1903,3.53
italy,1903,3.91
netherlands,1903,3.11
united_kingdom,1903,2.75
united_states,1903,1.97
argentina,1904,4.86
belgium,1904,2.85
brazil,1904,5.18
canada,1904,3.78
chile,1904,5.51
france,1904,3.11
germany,1904,3.57
italy,1904,3.9
netherlands,1904,3.12
united_kingdom,1904,2.83
united_states,1904,2.08
argentina,1905,4.87
belgium,1905,2.88
brazil,1905,4.61
canada,1905,3.63
chile,1905,5.39
france,1905,3.03
germany,1905,3.57
italy,1905,3.82
netherlands,1905,3.16
united_kingdom,1905,2.78
united_states,1905,2.03
argentina,1906,4.87
belgium,1906,2.92
brazil,1906,4.55
canada,1906,3.67
chile,1906,5.58
france,1906,3.08
germany,1906,3.63
italy,1906,3.87
netherlands,1906,3.17
united_kingdom,1906,2.83
united_states,1906,2.03
argentina,1907,4.9
belgium,1907,3.03
brazil,1907,4.89
canada,1907,4.04
chile,1907,5.67
france,1907,3.16
germany,1907,3.75
italy,1907,3.69
netherlands,1907,3.31
switzerland,1907,3.66
united_kingdom,1907,2.97
united_states,1907,2.33
argentina,1908,4.86
belgium,1908,3.14
brazil,1908,4.85
canada,1908,4.14
chile,1908,7.14
france,1908,3.13
germany,1908,3.8
italy,1908,3.63
netherlands,1908,3.31
switzerland,1908,3.73
united_kingdom,1908,2.9
united_states,1908,2.39
argentina,1909,4.81
belgium,1909,3.11
brazil,1909,4.77
canada,1909,3.81
chile,1909,6.51
france,1909,3.07
germany,1909,3.7
italy,1909,3.61
netherlands,1909,3.27
switzerland,1909,3.64
united_kingdom,1909,2.98
united_states,1909,2.57
argentina,1910,4.82
belgium,1910,3.22
brazil,1910,4.46
canada,1910,3.95
chile,1910,6.4
france,1910,3.06
germany,1910,3.76
italy,1910,3.6
netherlands,1910,3.35
switzerland,1910,3.7
united_kingdom,1910,3.08
united_states,1910,2.76
argentina,1911,4.83
belgium,1911,3.25
brazil,1911,4.52
canada,1911,3.94
chile,1911,6.31
france,1911,3.14
germany,1911,3.79
italy,1911,3.67
netherlands,1911,3.52
switzerland,1911,3.85
united_kingdom,1911,3.15
united_states,1911,2.7
argentina,1912,4.84
belgium,1912,3.5
brazil,1912,4.62
canada,1912,4.14
chile,1912,6.75
france,1912,3.27
germany,1912,3.91
italy,1912,3.27
netherlands,1912,3.71
switzerland,1912,4.02
united_kingdom,1912,3.28
united_states,1912,2.71
argentina,1913,4.88
belgium,1913,3.92
brazil,1913,4.97
canada,1913,4.34
chile,1913,7.15
france,1913,3.44
germany,1913,4.09
italy,1913,3.44
netherlands,1913,3.5
switzerland,1913,4.17
united_kingdom,1913,3.39
united_states,1913,2.83
canada,1914,4.29
chile,1914,7.4
france,1914,3.78
germany,1914,5.06
italy,1914,3.78
netherlands,1914,3.49
switzerland,1914,4.16
united_kingdom,1914,3.46
united_states,1914,2.79
canada,1915,4.68
chile,1915,7.9
france,1915,4.36
germany,1915,5.06
netherlands,1915,3.95
united_kingdom,1915,3.82
united_states,1915,2.79
canada,1916,5.12
chile,1916,7.05
france,1916,4.8
germany,1916,5.1
netherlands,1916,4.09
switzerland,1916,4.85
united_kingdom,1916,4.31
united_states,1916,2.57
canada,1917,5.51
chile,1917,6.9
france,1917,4.95
germany,1917,5.11
netherlands,1917,4.12
switzerland,1917,5.03
united_kingdom,1917,4.58
united_states,1917,2.95
canada,1918,6.01
france,1918,4.94
germany,1918,5.11
netherlands,1918,4.52
switzerland,1918,5.34
united_kingdom,1918,4.4
united_states,1918,3.05
belgium,1919,4.43
canada,1919,5.63
france,1919,4.82
germany,1919,6.2
netherlands,1919,5.0
switzerland,1919,5.56
united_kingdom,1919,4.62
united_states,1919,3.02
belgium,1920,4.95
canada,1920,5.77
france,1920,5.3
germany,1920,6.34
netherlands,1920,5.56
switzerland,1920,7.0
united_kingdom,1920,5.32
united_states,1920,5.32
belgium,1921,5.08
canada,1921,5.88
france,1921,5.3
germany,1921,6.45
netherlands,1921,5.21
switzerland,1921,6.1
united_kingdom,1921,5.21
united_states,1921,5.09
belgium,1922,4.86
canada,1922,5.34
france,1922,5.05
netherlands,1922,4.86
sweden,1922,4.82
switzerland,1922,4.8
united_kingdom,1922,4.43
united_states,1922,4.3
belgium,1923,5.05
canada,1923,5.05
france,1923,5.42
netherlands,1923,4.63
sweden,1923,4.86
switzerland,1923,4.79
united_kingdom,1923,4.31
united_states,1923,4.36
belgium,1924,5.49
canada,1924,4.9
france,1924,5.58
germany,1924,9.97
italy,1924,5.07
netherlands,1924,4.7
sweden,1924,4.9
switzerland,1924,5.31
united_kingdom,1924,4.39
united_states,1924,4.06
belgium,1925,5.88
canada,1925,4.81
france,1925,6.37
germany,1925,8.45
italy,1925,5.38
netherlands,1925,4.18
sweden,1925,4.83
switzerland,1925,5.05
united_kingdom,1925,4.43
united_states,1925,3.86
belgium,1926,6.72
canada,1926,4.84
france,1926,6.15
germany,1926,6.71
italy,1926,6.28
netherlands,1926,4.0
sweden,1926,4.68
switzerland,1926,4.8
united_kingdom,1926,4.55
united_states,1926,3.68
belgium,1927,5.1
canada,1927,4.65
france,1927,4.6
germany,1927,5.93
italy,1927,5.94
netherlands,1927,4.01
sweden,1927,4.58
switzerland,1927,4.79
united_kingdom,1927,4.56
united_states,1927,3.34
belgium,1928,4.7
canada,1928,4.48
france,1928,4.35
germany,1928,6.89
italy,1928,6.27
netherlands,1928,3.88
sweden,1928,4.59
switzerland,1928,4.73
united_kingdom,1928,4.47
united_states,1928,3.33
argentina,1929,6.34
belgium,1929,4.63
brazil,1929,6.52
canada,1929,4.93
france,1929,4.08
germany,1929,7.27
italy,1929,5.14
netherlands,1929,3.94
sweden,1929,4.56
switzerland,1929,4.66
united_kingdom,1929,4.6
united_states,1929,3.6
argentina,1930,6.26
australia,1930,5.12
belgium,1930,4.03
brazil,1930,6.79
canada,1930,4.73
chile,1930,7.79
colombia,1930,11.67
denmark,1930,4.71
france,1930,3.44
germany,1930,7.24
italy,1930,5.21
netherlands,1930,3.81
norway,1930,5.05
sweden,1930,4.18
switzerland,1930,4.12
united_kingdom,1930,4.46
united_states,1930,3.29
argentina,1931,6.52
australia,1931,5.55
belgium,1931,3.92
brazil,1931,6.5
canada,1931,4.65
chile,1931,11.82
colombia,1931,13.95
denmark,1931,4.66
france,1931,3.48
germany,1931,7.33
italy,1931,4.9
netherlands,1931,3.86
norway,1931,5.01
portugal,1931,6.66
sweden,1931,4.22
switzerland,1931,3.86
united_kingdom,1931,4.53
united_states,1931,3.34
argentina,1932,7.15
australia,1932,6.06
belgium,1932,4.47
brazil,1932,6.35
canada,1932,5.14
chile,1932,11.42
colombia,1932,13.92
denmark,1932,4.84
france,1932,3.84
germany,1932,10.19
italy,1932,4.77
netherlands,1932,3.89
norway,1932,5.02
portugal,1932,6.03
sweden,1932,4.32
switzerland,1932,3.8
united_kingdom,1932,3.76
united_states,1932,3.68
argentina,1933,7.0
australia,1933,4.42
belgium,1933,4.54
brazil,1933,5.88
canada,1933,4.55
chile,1933,7.85
colombia,1933,9.4
denmark,1933,4.01
france,1933,4.38
germany,1933,7.81
italy,1933,4.35
netherlands,1933,3.68
new_zealand,1933,3.94
norway,1933,4.95
portugal,1933,4.78
sweden,1933,4.02
switzerland,1933,4.02
united_kingdom,1933,3.38
united_states,1933,3.31
argentina,1934,5.39
australia,1934,3.75
belgium,1934,4.1
brazil,1934,5.92
canada,1934,3.91
chile,1934,7.53
colombia,1934,8.66
denmark,1934,3.94
france,1934,4.14
germany,1934,6.77
india,1934,3.39
italy,1934,4.09
netherlands,1934,3.35
new_zealand,1934,3.53
norway,1934,4.67
portugal,1934,4.0
sweden,1934,3.47
switzerland,1934,4.16
united_kingdom,1934,3.08
united_states,1934,3.12
argentina,1935,5.24
australia,1935,3.35
belgium,1935,3.92
brazil,1935,6.25
canada,1935,3.39
chile,1935,7.48
colombia,1935,9.31
denmark,1935,4.2
france,1935,3.88
germany,1935,4.78
india,1935,3.54
italy,1935,4.79
netherlands,1935,3.43
new_zealand,1935,3.33
norway,1935,4.44
portugal,1935,4.05
sweden,1935,3.19
switzerland,1935,4.64
united_kingdom,1935,2.89
united_states,1935,2.79
argentina,1936,5.09
australia,1936,3.58
belgium,1936,3.74
brazil,1936,6.49
canada,1936,2.97
chile,1936,8.26
colombia,1936,9.69
denmark,1936,4.38
france,1936,4.32
germany,1936,4.77
india,1936,3.16
italy,1936,4.74
netherlands,1936,3.32
new_zealand,1936,3.72
norway,1936,4.52
peru,1936,8.1
portugal,1936,3.65
sweden,1936,3.12
switzerland,1936,4.43
united_kingdom,1936,2.94
united_states,1936,2.65
uruguay,1936,4.43
argentina,1937,4.99
australia,1937,3.88
belgium,1937,3.33
brazil,1937,6.3
canada,1937,3.17
chile,1937,8.58
colombia,1937,8.73
denmark,1937,4.48
france,1937,4.27
germany,1937,4.6
india,1937,3.26
italy,1937,4.81
netherlands,1937,3.13
new_zealand,1937,3.61
norway,1937,4.46
peru,1937,7.99
portugal,1937,3.61
south_africa,1937,3.2
sweden,1937,3.04
switzerland,1937,3.41
united_kingdom,1937,3.28
united_states,1937,2.68
uruguay,1937,4.24
argentina,1938,4.99
australia,1938,3.84
belgium,1938,3.97
brazil,1938,6.21
canada,1938,3.09
chile,1938,8.43
colombia,1938,8.92
denmark,1938,4.27
france,1938,4.04
germany,1938,4.51
india,1938,3.2
italy,1938,4.81
netherlands,1938,2.99
new_zealand,1938,3.81
norway,1938,4.33
peru,1938,8.24
portugal,1938,3.74
south_africa,1938,3.45
sweden,1938,2.34
switzerland,1938,3.24
united_kingdom,1938,3.38
united_states,1938,2.56
uruguay,1938,4.83
argentina,1939,4.97
australia,1939,3.91
belgium,1939,4.37
brazil,1939,6.26
canada,1939,3.16
chile,1939,9.03
colombia,1939,8.17
denmark,1939,4.66
france,1939,3.97
germany,1939,4.56
india,1939,3.56
italy,1939,4.88
netherlands,1939,3.56
new_zealand,1939,4.24
norway,1939,4.58
peru,1939,9.09
portugal,1939,3.97
south_africa,1939,3.7
sweden,1939,2.9
switzerland,1939,3.76
united_kingdom,1939,3.72
united_states,1939,2.36
uruguay,1939,4.61
argentina,1940,4.99
australia,1940,3.3
belgium,1940,4.81
brazil,1940,6.23
canada,1940,3.28
chile,1940,9.28
colombia,1940,8.46
denmark,1940,4.99
france,1940,4.06
germany,1940,4.49
india,1940,3.61
italy,1940,4.85
netherlands,1940,3.98
new_zealand,1940,3.61
norway,1940,5.39
peru,1940,8.0
portugal,1940,3.83
south_africa,1940,3.4
sweden,1940,3.91
switzerland,1940,4.06
united_kingdom,1940,3.4
united_states,1940,2.21
uruguay,1940,5.02
argentina,1941,4.96
australia,1941,3.23
belgium,1941,4.13
brazil,1941,6.23
canada,1941,3.1
chile,1941,8.94
colombia,1941,6.98
denmark,1941,4.15
france,1941,3.19
germany,1941,4.4
india,1941,3.33
italy,1941,4.67
netherlands,1941,3.68
new_zealand,1941,3.37
norway,1941,3.67
peru,1941,7.25
portugal,1941,3.61
south_africa,1941,3.0
switzerland,1941,3.39
united_kingdom,1941,3.13
united_states,1941,1.95
uruguay,1941,5.08
argentina,1942,4.15
australia,1942,3.24
belgium,1942,4.01
brazil,1942,6.1
canada,1942,3.06
chile,1942,8.41
colombia,1942,6.36
denmark,1942,4.06
france,1942,3.14
germany,1942,4.35
india,1942,3.45
italy,1942,4.24
netherlands,1942,3.21
new_zealand,1942,3.2
norway,1942,3.54
peru,1942,6.93
portugal,1942,2.92
south_africa,1942,3.0
switzerland,1942,3.15
united_kingdom,1942,3.03
united_states,1942,2.46
uruguay,1942,5.06
argentina,1943,4.15
australia,1943,3.23
belgium,1943,3.96
brazil,1943,5.23
canada,1943,3.01
chile,1943,8.37
colombia,1943,6.28
denmark,1943,4.38
france,1943,3.11
germany,1943,4.35
india,1943,3.2
italy,1943,4.06
netherlands,1943,3.11
new_zealand,1943,3.18
norway,1943,3.52
portugal,1943,2.82
south_africa,1943,3.0
switzerland,1943,3.32
united_kingdom,1943,3.1
united_states,1943,2.47
uruguay,1943,4.94
argentina,1944,4.13
australia,1944,3.24
belgium,1944,3.82
brazil,1944,5.11
canada,1944,2.99
chile,1944,8.33
colombia,1944,6.51
denmark,1944,3.97
france,1944,3.01
india,1944,3.11
italy,1944,3.36
netherlands,1944,3.09
new_zealand,1944,3.16
norway,1944,3.45
peru,1944,6.42
portugal,1944,2.76
south_africa,1944,3.05
switzerland,1944,3.27
united_kingdom,1944,3.14
united_states,1944,2.48
uruguay,1944,4.74
argentina,1945,4.18
australia,1945,3.25
belgium,1945,4.01
brazil,1945,5.43
canada,1945,2.93
chile,1945,8.31
colombia,1945,6.62
denmark,1945,3.76
france,1945,2.99
india,1945,3.1
italy,1945,3.22
netherlands,1945,3.01
new_zealand,1945,3.18
norway,1945,3.42
peru,1945,7.07
portugal,1945,2.83
south_africa,1945,3.05
sweden,1945,3.04
switzerland,1945,3.29
united_kingdom,1945,2.92
united_states,1945,2.37
uruguay,1945,4.46
argentina,1946,3.11
australia,1946,3.24
belgium,1946,4.17
brazil,1946,5.54
canada,1946,2.61
chile,1946,8.2
colombia,1946,6.64
denmark,1946,3.55
france,1946,3.17
india,1946,2.79
italy,1946,3.81
netherlands,1946,2.99
new_zealand,1946,3.01
norway,1946,2.96
peru,1946,7.04
portugal,1946,2.83
south_africa,1946,2.89
sweden,1946,3.01
switzerland,1946,3.1
united_kingdom,1946,2.6
united_states,1946,2.19
uruguay,1946,4.3
argentina,1947,3.2
australia,1947,3.17
belgium,1947,4.44
brazil,1947,6.37
canada,1947,2.56
chile,1947,8.33
colombia,1947,7.12
denmark,1947,3.65
france,1947,3.91
india,1947,2.86
italy,1947,4.43
netherlands,1947,3.06
new_zealand,1947,3.02
norway,1947,2.5
peru,1947,6.66
portugal,1947,3.04
south_africa,1947,2.63
sweden,1947,3.02
switzerland,1947,3.17
united_kingdom,1947,2.76
united_states,1947,2.25
uruguay,1947,4.59
argentina,1948,3.26
australia,1948,3.14
belgium,1948,4.75
brazil,1948,7.17
canada,1948,2.93
chile,1948,8.33
colombia,1948,7.13
denmark,1948,4.07
france,1948,4.62
germany,1948,5.39
india,1948,2.97
italy,1948,4.4
netherlands,1948,3.09
new_zealand,1948,3.03
norway,1948,2.49
pakistan,1948,2.91
peru,1948,6.94
portugal,1948,3.24
south_africa,1948,2.9
sweden,1948,3.08
switzerland,1948,3.42
turkey,1948,6.9
united_kingdom,1948,3.21
united_states,1948,2.44
uruguay,1948,4.92
argentina,1949,3.26
australia,1949,3.12
belgium,1949,4.6
brazil,1949,7.06
canada,1949,2.82
chile,1949,8.33
colombia,1949,6.61
denmark,1949,4.44
france,1949,4.78
india,1949,2.99
italy,1949,4.52
netherlands,1949,3.12
new_zealand,1949,3.0
norway,1949,2.5
pakistan,1949,2.81
peru,1949,7.11
portugal,1949,3.76
south_africa,1949,3.33
sweden,1949,3.02
switzerland,1949,2.94
turkey,1949,6.84
united_kingdom,1949,3.3
united_states,1949,2.31
uruguay,1949,5.67
argentina,1950,3.26
australia,1950,3.14
belgium,1950,4.42
brazil,1950,6.86
canada,1950,2.78
chile,1950,8.33
colombia,1950,6.49
denmark,1950,4.53
france,1950,5.02
india,1950,3.11
italy,1950,5.73
netherlands,1950,3.12
new_zealand,1950,3.07
norway,1950,2.58
pakistan,1950,2.96
peru,1950,7.37
portugal,1950,3.92
south_africa,1950,3.63
sweden,1950,3.11
switzerland,1950,2.67
turkey,1950,6.52
united_kingdom,1950,3.55
united_states,1950,2.32
uruguay,1950,5.64
argentina,1951,3.26
australia,1951,3.53
belgium,1951,4.62
brazil,1951,7.08
canada,1951,3.24
chile,1951,8.33
colombia,1951,6.58
denmark,1951,5.14
france,1951,5.31
india,1951,3.28
italy,1951,6.11
netherlands,1951,3.42
new_zealand,1951,3.08
norway,1951,2.74
pakistan,1951,2.98
peru,1951,7.43
portugal,1951,3.79
south_africa,1951,3.6
sweden,1951,3.23
switzerland,1951,2.95
turkey,1951,5.49
united_kingdom,1951,3.79
united_states,1951,2.57
uruguay,1951,5.52
argentina,1952,3.26
australia,1952,4.34
belgium,1952,4.51
brazil,1952,7.02
canada,1952,3.59
chile,1952,8.33
colombia,1952,6.34
denmark,1952,5.29
france,1952,4.81
india,1952,3.69
ireland,1952,4.53
italy,1952,5.9
netherlands,1952,3.41
new_zealand,1952,3.85
norway,1952,2.74
pakistan,1952,2.98
peru,1952,7.42
portugal,1952,3.48
south_africa,1952,4.28
sweden,1952,3.28
switzerland,1952,2.84
turkey,1952,4.95
united_kingdom,1952,4.23
united_states,1952,2.68
uruguay,1952,6.05
argentina,1953,3.24
australia,1953,4.48
belgium,1953,4.4
brazil,1953,7.22
canada,1953,3.68
chile,1953,8.33
colombia,1953,6.33
denmark,1953,5.08
france,1953,4.93
india,1953,3.64
ireland,1953,4.58
italy,1953,6.06
netherlands,1953,3.18
new_zealand,1953,4.01
norway,1953,2.72
pakistan,1953,3.06
peru,1953,8.12
portugal,1953,3.38
south_africa,1953,4.5
sweden,1953,3.27
switzerland,1953,2.55
turkey,1953,4.21
united_kingdom,1953,4.08
united_states,1953,2.92
uruguay,1953,6.0
australia,1954,4.46
belgium,1954,4.27
brazil,1954,7.09
canada,1954,3.14
colombia,1954,6.25
denmark,1954,5.24
france,1954,4.53
india,1954,3.65
ireland,1954,4.42
italy,1954,6.06
netherlands,1954,3.16
new_zealand,1954,3.98
norway,1954,2.69
pakistan,1954,3.14
peru,1954,8.06
portugal,1954,3.27
south_africa,1954,4.46
sweden,1954,3.24
switzerland,1954,2.62
turkey,1954,4.81
united_kingdom,1954,3.76
united_states,1954,2.401667
uruguay,1954,6.55
australia,1955,4.52
belgium,1955,4.614167
brazil,1955,7.3
canada,1955,3.189167
colombia,1955,6.74
denmark,1955,5.55
france,1955,4.25
india,1955,3.72
ireland,1955,4.47
italy,1955,6.2
netherlands,1955,3.18
new_zealand,1955,4.15
norway,1955,2.99
pakistan,1955,3.15
peru,1955,7.82
portugal,1955,3.18
south_africa,1955,4.33
sweden,1955,3.7
switzerland,1955,2.9825
turkey,1955,4.81
united_kingdom,1955,4.17
united_states,1955,2.816667
uruguay,1955,6.23
australia,1956,5.03
belgium,1956,4.759167
brazil,1956,7.6
canada,1956,3.605833
denmark,1956,5.71
france,1956,4.59
india,1956,3.93
ireland,1956,5.29
italy,1956,6.74
netherlands,1956,3.42
new_zealand,1956,4.65
norway,1956,4.31
pakistan,1956,3.14
peru,1956,7.7
portugal,1956,3.03
south_africa,1956,4.73
sweden,1956,3.75
switzerland,1956,3.125
turkey,1956,4.82
united_kingdom,1956,4.74
united_states,1956,3.1825
uruguay,1956,6.41
australia,1957,5.02
belgium,1957,6.065
brazil,1957,7.6
canada,1957,4.125
denmark,1957,5.77
france,1957,5.16
india,1957,4.14
ireland,1957,5.59
italy,1957,6.81
netherlands,1957,4.05
new_zealand,1957,4.82
norway,1957,4.58
pakistan,1957,3.2
peru,1957,7.71
portugal,1957,3.05
south_africa,1957,4.75
sweden,1957,4.33
switzerland,1957,3.6675
turkey,1957,4.8
united_kingdom,1957,4.98
united_states,1957,3.6475
uruguay,1957,6.05
australia,1958,4.97
belgium,1958,5.410833
brazil,1958,7.5
canada,1958,4.115833
denmark,1958,5.24
france,1958,3.92
india,1958,4.18
ireland,1958,5.61
italy,1958,6.16
netherlands,1958,4.07
new_zealand,1958,4.95
norway,1958,4.76
pakistan,1958,3.2
peru,1958,9.36
portugal,1958,3.03
south_africa,1958,5.145833
sweden,1958,4.33
switzerland,1958,3.153333
turkey,1958,4.72
united_kingdom,1958,4.98
united_states,1958,3.315833
uruguay,1958,6.18
australia,1959,4.92
belgium,1959,5.020833
brazil,1959,8.4
canada,1959,5.048333
denmark,1959,5.32
france,1959,3.41
india,1959,4.05
ireland,1959,5.1
italy,1959,5.43
netherlands,1959,4.398334
new_zealand,1959,4.85
norway,1959,4.61
pakistan,1959,3.25
peru,1959,11.5
portugal,1959,3.45
south_africa,1959,5.25
sweden,1959,4.28
switzerland,1959,3.076667
turkey,1959,4.79
united_kingdom,1959,4.82
united_states,1959,4.333333
uruguay,1959,7.06
australia,1960,5.0
belgium,1960,5.548333
canada,1960,5.188334
denmark,1960,5.76
france,1960,5.663333
india,1960,4.06
ireland,1960,5.45
italy,1960,5.24
netherlands,1960,4.455
new_zealand,1960,4.82
norway,1960,4.58
pakistan,1960,3.5
peru,1960,9.79
portugal,1960,3.46
south_africa,1960,5.293334
sweden,1960,4.56
switzerland,1960,3.0925
turkey,1960,4.74
united_kingdom,1960,5.855834
united_states,1960,4.116667
uruguay,1960,8.5
australia,1961,5.27
belgium,1961,5.871666
canada,1961,5.058333
denmark,1961,6.02
france,1961,5.519166
india,1961,4.11
ireland,1961,6.04
italy,1961,5.18
netherlands,1961,4.179167
new_zealand,1961,5.08
norway,1961,4.64
pakistan,1961,3.69
peru,1961,8.24
portugal,1961,3.82
south_africa,1961,5.773334
sweden,1961,4.55
switzerland,1961,2.955833
turkey,1961,4.77
united_kingdom,1961,6.264167
united_states,1961,3.8825
uruguay,1961,7.24
australia,1962,4.92
belgium,1962,5.1775
canada,1962,5.099167
denmark,1962,6.32
france,1962,5.434166
india,1962,4.36
ireland,1962,6.06
italy,1962,5.26
netherlands,1962,4.235833
new_zealand,1962,5.23
norway,1962,4.95
pakistan,1962,3.81
peru,1962,7.69
portugal,1962,3.96
south_africa,1962,5.386667
sweden,1962,4.4
switzerland,1962,3.124167
turkey,1962,4.71
united_kingdom,1962,5.764167
united_states,1962,3.945833
uruguay,1962,6.88
australia,1963,4.58
belgium,1963,5.2825
canada,1963,5.090833
denmark,1963,6.44
france,1963,5.338333
india,1963,4.68
ireland,1963,5.48
italy,1963,5.43
netherlands,1963,4.309166
new_zealand,1963,5.15
norway,1963,4.96
pakistan,1963,3.93
peru,1963,7.14
portugal,1963,4.18
south_africa,1963,4.75
sweden,1963,4.45
switzerland,1963,3.246667
turkey,1963,4.64
united_kingdom,1963,5.165833
united_states,1963,4.0025
uruguay,1963,6.43
australia,1964,4.72
belgium,1964,6.451667
canada,1964,5.184166
denmark,1964,6.24
france,1964,5.449167
india,1964,4.73
ireland,1964,5.93
italy,1964,6.26
netherlands,1964,5.089167
new_zealand,1964,5.06
norway,1964,4.94
pakistan,1964,3.9
peru,1964,7.23
portugal,1964,3.94
south_africa,1964,4.770833
sweden,1964,4.8
switzerland,1964,3.970833
turkey,1964,4.64
united_kingdom,1964,5.7025
united_states,1964,4.186666
uruguay,1964,6.34
australia,1965,5.21
austria,1965,6.52
belgium,1965,6.438334
canada,1965,5.199167
denmark,1965,7.35
france,1965,6.2025
india,1965,5.33
ireland,1965,6.24
italy,1965,5.72
netherlands,1965,5.500834
new_zealand,1965,5.1
norway,1965,4.99
pakistan,1965,4.2
peru,1965,6.74
portugal,1965,3.88
south_africa,1965,5.604167
sweden,1965,5.01
switzerland,1965,3.945833
turkey,1965,4.63
united_kingdom,1965,6.551667
united_states,1965,4.2825
uruguay,1965,6.98
australia,1966,5.25
austria,1966,6.93
belgium,1966,6.651667
canada,1966,5.685
denmark,1966,7.86
france,1966,6.579167
india,1966,5.55
ireland,1966,6.96
italy,1966,5.65
netherlands,1966,6.583333
new_zealand,1966,5.28
norway,1966,5.0
pakistan,1966,4.48
portugal,1966,3.96
south_africa,1966,6.25
sweden,1966,5.75
switzerland,1966,4.164166
turkey,1966,4.63
united_kingdom,1966,6.866667
united_states,1966,4.923333
uruguay,1966,6.74
australia,1967,5.25
austria,1967,7.24
belgium,1967,6.684166
canada,1967,5.898334
denmark,1967,8.17
france,1967,6.706666
india,1967,5.52
ireland,1967,6.99
italy,1967,5.81
netherlands,1967,6.424167
new_zealand,1967,5.51
norway,1967,5.0
pakistan,1967,4.47
portugal,1967,5.0
south_africa,1967,6.5
sweden,1967,5.31
switzerland,1967,4.603333
turkey,1967,4.56
united_kingdom,1967,6.7
united_states,1967,5.073333
uruguay,1967,7.04
australia,1968,5.21
austria,1968,7.74
belgium,1968,6.545
canada,1968,6.725
denmark,1968,8.43
france,1968,6.950833
india,1968,5.07
ireland,1968,7.36
italy,1968,5.79
netherlands,1968,6.519166
new_zealand,1968,5.59
norway,1968,4.94
pakistan,1968,4.76
portugal,1968,5.11
south_africa,1968,6.5
sweden,1968,5.9
switzerland,1968,4.3725
turkey,1968,4.54
united_kingdom,1968,7.509167
united_states,1968,5.645833
uruguay,1968,6.13
australia,1969,5.81
austria,1969,7.52
belgium,1969,7.293334
canada,1969,7.558333
denmark,1969,9.34
france,1969,8.1775
india,1969,5.0
ireland,1969,9.71
italy,1969,6.64
netherlands,1969,7.473333
new_zealand,1969,5.54
norway,1969,5.12
pakistan,1969,5.21
portugal,1969,5.15
south_africa,1969,6.5
sweden,1969,6.83
switzerland,1969,4.9
turkey,1969,4.02
united_kingdom,1969,8.83
united_states,1969,6.670833
uruguay,1969,7.57
australia,1970,6.646667
austria,1970,7.82
belgium,1970,7.804167
canada,1970,7.965833
denmark,1970,10.57
france,1970,8.550834
india,1970,5.0
ireland,1970,9.86
italy,1970,9.01
netherlands,1970,8.010834
new_zealand,1970,5.5075
norway,1970,6.29
pakistan,1970,5.5
portugal,1970,5.28
south_africa,1970,7.145833
sweden,1970,7.39
switzerland,1970,5.715833
united_kingdom,1970,8.634167
united_states,1970,7.348333
australia,1971,6.713333
austria,1971,7.71
belgium,1971,7.321667
canada,1971,6.945
denmark,1971,10.67
france,1971,8.421667
india,1971,5.64
ireland,1971,9.238334
italy,1971,8.34
netherlands,1971,7.625834
new_zealand,1971,5.516667
norway,1971,6.4
pakistan,1971,5.76
portugal,1971,5.7
south_africa,1971,8.375
sweden,1971,7.23
switzerland,1971,5.265833
united_kingdom,1971,7.868333
united_states,1971,6.159167
australia,1972,5.831666
austria,1972,7.37
belgium,1972,7.044167
canada,1972,7.225
denmark,1972,10.37
france,1972,8.013333
india,1972,5.65
ireland,1972,9.071667
italy,1972,7.47
netherlands,1972,7.354167
new_zealand,1972,5.523334
norway,1972,6.27
pakistan,1972,5.76
portugal,1972,6.01
south_africa,1972,8.353333
sweden,1972,7.29
switzerland,1972,4.963333
united_kingdom,1972,8.375
united_states,1972,6.21
australia,1973,6.933333
austria,1973,8.25
belgium,1973,7.494167
canada,1973,7.528333
denmark,1973,11.08
france,1973,8.998333
india,1973,5.65
ireland,1973,10.7175
italy,1973,7.42
netherlands,1973,7.916667
new_zealand,1973,5.796667
norway,1973,6.19
pakistan,1973,5.76
portugal,1973,5.5
south_africa,1973,7.8325
sweden,1973,7.39
switzerland,1973,5.594167
united_kingdom,1973,10.55833
united_states,1973,6.8425
australia,1974,9.036667
austria,1974,9.74
belgium,1974,8.768333
canada,1974,8.87
denmark,1974,14.55
france,1974,11.0025
india,1974,6.03
ireland,1974,14.62
italy,1974,9.87
netherlands,1974,9.824166
new_zealand,1974,6.0825
norway,1974,7.1
pakistan,1974,5.77
south_africa,1974,8.958333
sweden,1974,7.79
switzerland,1974,7.129167
united_kingdom,1974,14.20667
united_states,1974,7.5575
australia,1975,9.741667
austria,1975,9.61
belgium,1975,8.515833
canada,1975,8.993333
denmark,1975,13.1
france,1975,10.31167
india,1975,6.35
ireland,1975,13.9675
italy,1975,11.5
netherlands,1975,8.786667
new_zealand,1975,6.326667
norway,1975,7.29
pakistan,1975,5.77
south_africa,1975,9.708333
sweden,1975,8.79
switzerland,1975,6.435833
united_kingdom,1975,13.18167
united_states,1975,7.9875
australia,1976,10.03083
austria,1976,8.75
belgium,1976,9.088333
canada,1976,9.229167
denmark,1976,13.21
france,1976,10.51
india,1976,6.29
ireland,1976,14.61333
italy,1976,13.08
netherlands,1976,8.9525
new_zealand,1976,8.341666
norway,1976,7.25
pakistan,1976,9.04
portugal,1976,9.74
south_africa,1976,10.43667
sweden,1976,9.28
switzerland,1976,4.9825
united_kingdom,1976,13.61
united_states,1976,7.611667
australia,1977,10.22667
austria,1977,8.74
belgium,1977,8.7625
canada,1977,8.693334
denmark,1977,13.38
france,1977,10.99167
india,1977,6.32
ireland,1977,12.88667
italy,1977,14.62
netherlands,1977,8.100833
new_zealand,1977,9.239166
norway,1977,7.39
pakistan,1977,9.27
portugal,1977,10.8
south_africa,1977,11.00833
sweden,1977,9.74
switzerland,1977,4.045
united_kingdom,1977,12.0275
united_states,1977,7.419167
australia,1978,9.06
austria,1978,8.21
belgium,1978,8.9275
canada,1978,9.235833
denmark,1978,14.54
france,1978,10.61167
india,1978,6.37
ireland,1978,12.83417
italy,1978,13.7
netherlands,1978,7.735833
new_zealand,1978,9.979167
norway,1978,8.45
pakistan,1978,9.48
portugal,1978,16.17
south_africa,1978,10.39583
sweden,1978,10.09
switzerland,1978,3.326667
united_kingdom,1978,12.065
united_states,1978,8.41
australia,1979,9.749166
austria,1979,7.96
belgium,1979,9.693334
canada,1979,10.17917
denmark,1979,15.82
france,1979,10.8475
india,1979,6.45
ireland,1979,15.065
italy,1979,14.05
netherlands,1979,8.775
new_zealand,1979,11.97909
norway,1979,8.59
pakistan,1979,9.75
portugal,1979,16.68
south_africa,1979,9.26
sweden,1979,10.47
switzerland,1979,3.4525
united_kingdom,1979,12.94583
united_states,1979,9.4425
australia,1980,11.6475
austria,1980,9.24
belgium,1980,11.9
canada,1980,12.33833
denmark,1980,17.66
france,1980,13.78417
india,1980,6.71
ireland,1980,15.3525
italy,1980,16.11
netherlands,1980,10.20833
new_zealand,1980,13.28333
norway,1980,10.27
pakistan,1980,11.2
portugal,1980,16.68
south_africa,1980,10.08583
spain,1980,15.96083
sweden,1980,11.74
switzerland,1980,4.7625
united_kingdom,1980,13.91333
united_states,1980,11.46
australia,1981,13.95833
austria,1981,10.61
belgium,1981,13.43667
canada,1981,14.98917
denmark,1981,18.92
france,1981,16.29167
india,1981,7.15
ireland,1981,17.2675
italy,1981,20.56
netherlands,1981,11.5525
new_zealand,1981,12.8325
norway,1981,12.31
pakistan,1981,9.4
portugal,1981,16.71
south_africa,1981,12.9875
spain,1981,15.81167
sweden,1981,13.49
switzerland,1981,5.57
united_kingdom,1981,14.88333
united_states,1981,13.91083
australia,1982,15.375
austria,1982,9.92
belgium,1982,13.42833
canada,1982,14.43533
denmark,1982,20.39
france,1982,15.9975
india,1982,7.59
ireland,1982,17.0575
italy,1982,20.9
netherlands,1982,10.0975
new_zealand,1982,12.89333
norway,1982,13.2
pakistan,1982,9.36
portugal,1982,16.79
south_africa,1982,13.50833
spain,1982,15.9875
sweden,1982,13.04
switzerland,1982,4.598333
united_kingdom,1982,13.085
united_states,1982,13.00167
australia,1983,13.8875
austria,1983,8.17
belgium,1983,11.94083
canada,1983,11.39858
denmark,1983,14.46
france,1983,14.36833
india,1983,7.99
ireland,1983,13.90417
italy,1983,18.02
netherlands,1983,8.610833
new_zealand,1983,12.1825
norway,1983,12.86
pakistan,1983,9.31
portugal,1983,19.22
south_africa,1983,12.665
spain,1983,16.90917
sweden,1983,12.3
switzerland,1983,4.174167
united_kingdom,1983,11.26833
united_states,1983,11.105
australia,1984,13.525
austria,1984,8.02
belgium,1984,12.2425
canada,1984,12.71004
denmark,1984,13.93
france,1984,13.40417
india,1984,8.65
ireland,1984,14.6125
italy,1984,14.95
netherlands,1984,8.328333
new_zealand,1984,12.61
norway,1984,12.16
pakistan,1984,9.25
portugal,1984,21.5
south_africa,1984,15.22667
spain,1984,16.5225
sweden,1984,12.28
switzerland,1984,4.552917
united_kingdom,1984,11.1275
united_states,1984,12.43833
australia,1985,13.95417
austria,1985,7.77
belgium,1985,10.96833
canada,1985,10.91183
denmark,1985,12.01
france,1985,11.86667
india,1985,8.99
ireland,1985,12.78
italy,1985,13.0
netherlands,1985,7.3275
new_zealand,1985,17.6575
norway,1985,12.91167
pakistan,1985,9.19
portugal,1985,20.75
south_africa,1985,16.79167
spain,1985,13.3675
sweden,1985,13.09
switzerland,1985,4.700083
united_kingdom,1985,10.97
united_states,1985,10.62333
australia,1986,13.41667
austria,1986,7.33
belgium,1986,8.625834
canada,1986,9.145541
denmark,1986,10.76
france,1986,9.119166
ireland,1986,11.2225
italy,1986,10.52
netherlands,1986,6.3175
new_zealand,1986,16.4475
norway,1986,13.29917
south_africa,1986,16.36583
spain,1986,11.35417
sweden,1986,10.26
switzerland,1986,4.229917
united_kingdom,1986,10.135
united_states,1986,7.6825
australia,1987,13.19167
austria,1987,6.91
belgium,1987,8.184167
canada,1987,9.470708
denmark,1987,11.28435
france,1987,9.475833
ireland,1987,11.25917
italy,1987,9.68
netherlands,1987,6.4025
new_zealand,1987,15.70583
norway,1987,13.305
pakistan,1987,8.26
portugal,1987,15.02
south_africa,1987,15.29667
spain,1987,12.81333
sweden,1987,11.68
switzerland,1987,4.03275
united_kingdom,1987,9.570833
united_states,1987,8.384167
australia,1988,12.10417
austria,1988,6.67
belgium,1988,8.0075
canada,1988,9.830916
denmark,1988,9.883703
finland,1988,10.5575
france,1988,9.08
ireland,1988,9.360833
italy,1988,10.16
netherlands,1988,6.415833
new_zealand,1988,13.11583
norway,1988,12.89583
pakistan,1988,8.32
portugal,1988,13.87
south_africa,1988,16.37167
spain,1988,11.74417
sweden,1988,11.35167
switzerland,1988,4.01975
united_kingdom,1988,9.675834
united_states,1988,8.845834
australia,1989,13.40833
austria,1989,7.1
belgium,1989,8.586667
canada,1989,9.780541
denmark,1989,9.706354
finland,1989,12.08583
france,1989,8.7975
ireland,1989,9.17
italy,1989,10.72
japan,1989,5.12725
netherlands,1989,7.218333
new_zealand,1989,12.82917
norway,1989,10.82583
pakistan,1989,8.19
portugal,1989,13.86
south_africa,1989,16.90083
spain,1989,13.60058
sweden,1989,11.18
switzerland,1989,5.197333
united_kingdom,1989,10.19083
united_states,1989,8.498333
australia,1990,13.18
austria,1990,8.7275
belgium,1990,10.06167
canada,1990,10.72692
denmark,1990,10.62874
finland,1990,13.21
france,1990,9.9325
germany,1990,8.708333
ireland,1990,10.27417
italy,1990,11.51
japan,1990,6.959917
netherlands,1990,8.920834
new_zealand,1990,12.445
norway,1990,10.68
south_africa,1990,16.15083
spain,1990,14.6775
sweden,1990,13.15917
switzerland,1990,6.449417
united_kingdom,1990,11.8025
united_states,1990,8.55
australia,1991,10.69083
austria,1991,8.546667
belgium,1991,9.310833
canada,1991,9.464125
denmark,1991,9.262481
finland,1991,11.71167
france,1991,9.036667
germany,1991,8.458333
ireland,1991,9.374166
italy,1991,13.18
japan,1991,6.336667
mexico,1991,19.71917
netherlands,1991,8.739166
new_zealand,1991,10.11
norway,1991,9.996667
south_africa,1991,16.34417
spain,1991,12.3605
sweden,1991,10.69083
switzerland,1991,6.239657
united_kingdom,1991,10.105
united_states,1991,7.858333
australia,1992,9.22
austria,1992,8.139167
belgium,1992,8.659166
canada,1992,8.061
denmark,1992,8.987465
finland,1992,11.9725
france,1992,8.5875
germany,1992,7.85
ireland,1992,9.316667
italy,1992,13.26575
japan,1992,5.326583
mexico,1992,16.10667
netherlands,1992,8.1025
new_zealand,1992,8.401667
norway,1992,9.606667
south_africa,1992,15.44
spain,1992,11.69517
sweden,1992,10.01667
switzerland,1992,6.398413
united_kingdom,1992,9.063334
united_states,1992,7.01
australia,1993,7.280833
austria,1993,6.705
belgium,1993,7.216667
canada,1993,7.244083
denmark,1993,7.302794
finland,1993,8.825
france,1993,6.775
germany,1993,6.516667
ireland,1993,7.579167
italy,1993,11.18692
japan,1993,4.320917
mexico,1993,15.55333
netherlands,1993,6.360833
new_zealand,1993,6.934166
norway,1993,6.880833
south_africa,1993,13.9675
spain,1993,10.21083
sweden,1993,8.539166
switzerland,1993,4.552369
united_kingdom,1993,7.48
united_states,1993,5.873333
australia,1994,9.041667
austria,1994,7.025
belgium,1994,7.7025
canada,1994,8.355416
denmark,1994,7.825434
finland,1994,9.036667
france,1994,7.215833
germany,1994,6.875
iceland,1994,6.978333
ireland,1994,8.043333
italy,1994,10.51883
japan,1994,4.363333
luxembourg,1994,7.15
mexico,1994,13.82667
netherlands,1994,6.865
new_zealand,1994,7.625834
norway,1994,7.435833
portugal,1994,10.47833
south_africa,1994,14.83167
spain,1994,9.997583
sweden,1994,9.495
switzerland,1994,4.958611
united_kingdom,1994,8.1225
united_states,1994,7.08
australia,1995,9.210896
austria,1995,7.134167
belgium,1995,7.3775
canada,1995,8.160292
denmark,1995,8.270138
finland,1995,8.791667
france,1995,7.535
germany,1995,6.858333
iceland,1995,9.651667
ireland,1995,8.225833
italy,1995,12.20583
japan,1995,3.4435
luxembourg,1995,7.229167
netherlands,1995,6.899167
new_zealand,1995,7.776667
norway,1995,7.424167
portugal,1995,11.465
south_africa,1995,16.10667
spain,1995,11.271
sweden,1995,10.24417
switzerland,1995,4.521454
united_kingdom,1995,8.200833
united_states,1995,6.58
australia,1996,8.209207
austria,1996,6.3225
belgium,1996,6.298333
canada,1996,7.24125
denmark,1996,7.19293
finland,1996,7.076667
france,1996,6.310833
germany,1996,6.225
iceland,1996,9.24
ireland,1996,7.249166
italy,1996,9.400666
japan,1996,3.1015
luxembourg,1996,6.296667
mexico,1996,34.38167
netherlands,1996,6.150833
new_zealand,1996,7.893333
norway,1996,6.773334
portugal,1996,8.559167
south_africa,1996,15.48333
spain,1996,8.73675
sweden,1996,8.026667
switzerland,1996,3.998025
united_kingdom,1996,7.810833
united_states,1996,6.438334
australia,1997,6.954918
austria,1997,5.6825
belgium,1997,5.586667
canada,1997,6.142958
denmark,1997,6.261175
finland,1997,5.9575
france,1997,5.581666
germany,1997,5.658333
iceland,1997,8.705833
ireland,1997,6.255833
israel,1997,4.065
italy,1997,6.86025
japan,1997,2.373667
luxembourg,1997,5.598333
mexico,1997,22.445
netherlands,1997,5.576667
new_zealand,1997,7.191667
norway,1997,5.888333
portugal,1997,6.358333
south_africa,1997,14.6975
spain,1997,6.400833
sweden,1997,6.614167
switzerland,1997,3.356441
united_kingdom,1997,7.0525
united_states,1997,6.3525
australia,1998,5.49297
austria,1998,4.713333
belgium,1998,4.695
canada,1998,5.282667
denmark,1998,5.039933
finland,1998,4.7875
france,1998,4.64
germany,1998,4.583333
greece,1998,8.481667
iceland,1998,7.664166
ireland,1998,4.746666
israel,1998,4.925
italy,1998,4.8825
japan,1998,1.541417
luxembourg,1998,4.728333
netherlands,1998,4.631667
new_zealand,1998,6.2875
norway,1998,5.4
portugal,1998,4.8775
south_africa,1998,15.1225
spain,1998,4.834167
sweden,1998,4.989167
switzerland,1998,3.044583
united_kingdom,1998,5.55
united_states,1998,5.264167
australia,1999,6.009312
austria,1999,4.679167
belgium,1999,4.713333
canada,1999,5.537125
denmark,1999,4.9172
finland,1999,4.7225
france,1999,4.609167
germany,1999,4.5
greece,1999,6.308333
iceland,1999,8.47
ireland,1999,4.769166
israel,1999,5.199167
italy,1999,4.7275
japan,1999,1.749
luxembourg,1999,4.665
mexico,1999,24.1275
netherlands,1999,4.62925
new_zealand,1999,6.41225
norway,1999,5.4975
portugal,1999,4.7775
russia,1999,87.37583
south_africa,1999,14.90167
spain,1999,4.7275
sweden,1999,4.98
switzerland,1999,3.039333
united_kingdom,1999,5.093333
united_states,1999,5.636667
australia,2000,6.314569
austria,2000,5.555833
belgium,2000,5.57
canada,2000,5.930125
denmark,2000,5.660133
finland,2000,5.4825
france,2000,5.394166
germany,2000,5.266667
greece,2000,6.108333
hungary,2000,8.55
iceland,2000,11.195
ireland,2000,5.478333
israel,2000,5.475833
italy,2000,5.576083
japan,2000,1.744417
luxembourg,2000,5.518333
mexico,2000,16.9425
netherlands,2000,5.403833
new_zealand,2000,6.851725
norway,2000,6.218333
portugal,2000,5.595
russia,2000,35.16333
south_africa,2000,13.78667
spain,2000,5.525833
sweden,2000,5.3675
switzerland,2000,3.925083
united_kingdom,2000,5.328333
united_states,2000,6.029167
australia,2001,5.615264
austria,2001,5.075
belgium,2001,5.063334
canada,2001,5.476417
czech_republic,2001,6.314167
denmark,2001,5.09365
finland,2001,5.043334
france,2001,4.939167
germany,2001,4.8
greece,2001,5.304167
hungary,2001,7.945
iceland,2001,10.35917
ireland,2001,5.019166
italy,2001,5.187083
japan,2001,1.319
luxembourg,2001,4.860833
mexico,2001,13.79333
netherlands,2001,4.9575
new_zealand,2001,6.393333
norway,2001,6.236667
poland,2001,10.68167
portugal,2001,5.158333
russia,2001,19.38333
slovakia,2001,8.0425
south_africa,2001,11.40667
south_korea,2001,6.855
spain,2001,5.116667
sweden,2001,5.1075
switzerland,2001,3.38175
united_kingdom,2001,4.930833
united_states,2001,5.0175
australia,2002,5.843958
austria,2002,4.966667
belgium,2002,4.8925
canada,2002,5.297292
czech_republic,2002,4.876667
denmark,2002,5.055967
finland,2002,4.980834
france,2002,4.860833
germany,2002,4.7825
greece,2002,5.1225
hungary,2002,7.085834
iceland,2002,7.959742
ireland,2002,4.9875
israel,2002,5.345833
italy,2002,5.034167
japan,2002,1.263167
luxembourg,2002,4.683333
mexico,2002,8.544167
netherlands,2002,4.89025
new_zealand,2002,6.526358
norway,2002,6.384167
poland,2002,7.355834
portugal,2002,5.006667
russia,2002,15.82417
slovakia,2002,6.935
south_africa,2002,11.50083
south_korea,2002,6.586667
spain,2002,4.959167
sweden,2002,5.303333
switzerland,2002,3.198917
united_kingdom,2002,4.895
united_states,2002,4.610833
australia,2003,5.366776
austria,2003,4.153333
belgium,2003,4.145833
canada,2003,4.803709
czech_republic,2003,4.115833
denmark,2003,4.307742
finland,2003,4.135
france,2003,4.13
germany,2003,4.070833
greece,2003,4.2675
hungary,2003,6.773334
iceland,2003,6.652117
ireland,2003,4.125
italy,2003,4.295833
japan,2003,1.00325
luxembourg,2003,3.315328
mexico,2003,7.3675
netherlands,2003,4.123167
new_zealand,2003,5.866575
norway,2003,5.045
poland,2003,5.7775
portugal,2003,4.180083
russia,2003,9.115
slovakia,2003,4.985833
slovenia,2003,6.401667
south_africa,2003,9.615833
south_korea,2003,5.048333
spain,2003,4.125
sweden,2003,4.638333
switzerland,2003,2.65875
united_kingdom,2003,4.526667
united_states,2003,4.015
australia,2004,5.590775
austria,2004,4.151667
belgium,2004,4.0625
canada,2004,4.584
czech_republic,2004,4.820833
denmark,2004,4.304708
finland,2004,4.109167
france,2004,4.099167
germany,2004,4.036667
greece,2004,4.255833
hungary,2004,8.291667
iceland,2004,7.491667
ireland,2004,4.061666
israel,2004,7.561666
italy,2004,4.258675
japan,2004,1.492667
luxembourg,2004,2.841264
mexico,2004,7.743333
netherlands,2004,4.095
new_zealand,2004,6.065942
norway,2004,4.368333
poland,2004,6.896667
portugal,2004,4.143917
russia,2004,8.289166
slovakia,2004,5.025833
slovenia,2004,4.684166
south_africa,2004,9.526667
south_korea,2004,4.728333
spain,2004,4.103333
sweden,2004,4.425
switzerland,2004,2.740167
united_kingdom,2004,4.883333
united_states,2004,4.274167
australia,2005,5.339973
austria,2005,3.386667
belgium,2005,3.365
canada,2005,4.066833
chile,2005,6.049167
czech_republic,2005,3.5425
denmark,2005,3.403625
finland,2005,3.350833
france,2005,3.41
germany,2005,3.353333
greece,2005,3.585
hungary,2005,6.598333
iceland,2005,8.636942
ireland,2005,3.320833
israel,2005,6.361667
italy,2005,3.555422
japan,2005,1.35475
luxembourg,2005,2.413519
mexico,2005,9.28
netherlands,2005,3.374
new_zealand,2005,5.87525
norway,2005,3.745833
poland,2005,5.218333
portugal,2005,3.437917
russia,2005,8.1075
slovakia,2005,3.521667
slovenia,2005,3.806667
south_africa,2005,8.066667
south_korea,2005,4.95
spain,2005,3.386667
sweden,2005,3.3825
switzerland,2005,2.0955
united_kingdom,2005,4.413333
united_states,2005,4.29
australia,2006,5.587872
austria,2006,3.796667
belgium,2006,3.805
canada,2006,4.2115
czech_republic,2006,3.8
denmark,2006,3.812175
finland,2006,3.7825
france,2006,3.7975
germany,2006,3.7625
greece,2006,4.07
hungary,2006,7.115833
iceland,2006,8.830566
ireland,2006,3.789167
israel,2006,6.314167
italy,2006,4.046142
japan,2006,1.7405
luxembourg,2006,3.303333
mexico,2006,7.505833
netherlands,2006,3.78075
new_zealand,2006,5.780325
norway,2006,4.076667
poland,2006,5.231667
portugal,2006,3.914667
russia,2006,6.976666
slovakia,2006,4.411667
slovenia,2006,3.853333
south_africa,2006,7.9375
south_korea,2006,5.151667
spain,2006,3.78425
sweden,2006,3.704167
switzerland,2006,2.517083
united_kingdom,2006,4.5025
united_states,2006,4.791667
australia,2007,5.994521
austria,2007,4.2975
belgium,2007,4.333333
canada,2007,4.269834
chile,2007,6.0875
czech_republic,2007,4.3025
denmark,2007,4.286608
finland,2007,4.293334
france,2007,4.304167
germany,2007,4.216667
greece,2007,4.5
hungary,2007,6.744167
iceland,2007,9.419559
ireland,2007,4.328333
israel,2007,5.554167
italy,2007,4.487258
japan,2007,1.6655
mexico,2007,7.595
netherlands,2007,4.288167
new_zealand,2007,6.263525
norway,2007,4.774167
poland,2007,5.484334
portugal,2007,4.424141
russia,2007,6.7175
slovakia,2007,4.490833
slovenia,2007,4.529167
south_africa,2007,7.985
south_korea,2007,5.350833
spain,2007,4.306417
sweden,2007,4.1675
switzerland,2007,2.92675
united_kingdom,2007,5.011667
united_states,2007,4.629167
australia,2008,5.817944
austria,2008,4.358333
belgium,2008,4.398334
canada,2008,3.603667
chile,2008,7.073333
czech_republic,2008,4.633333
denmark,2008,4.281425
finland,2008,4.29
france,2008,4.234167
germany,2008,3.984167
greece,2008,4.8025
hungary,2008,8.238334
iceland,2008,11.06824
ireland,2008,4.55
israel,2008,5.923333
italy,2008,4.681067
japan,2008,1.467333
mexico,2008,8.089167
netherlands,2008,4.22675
new_zealand,2008,6.080458
norway,2008,4.458333
poland,2008,6.071667
portugal,2008,4.519855
russia,2008,7.523334
slovakia,2008,4.723333
slovenia,2008,4.606667
south_africa,2008,9.1
south_korea,2008,5.568333
spain,2008,4.363167
sweden,2008,3.8875
switzerland,2008,2.896833
united_kingdom,2008,4.59
united_states,2008,3.666667
australia,2009,5.039512
austria,2009,3.936667
belgium,2009,3.818333
canada,2009,3.232583
chile,2009,5.711667
czech_republic,2009,4.8375
denmark,2009,3.586242
finland,2009,3.738333
france,2009,3.648333
germany,2009,3.2225
greece,2009,5.174167
hungary,2009,9.123333
iceland,2009,8.256277
ireland,2009,5.2325
israel,2009,5.063334
italy,2009,4.311183
japan,2009,1.33375
mexico,2009,5.826667
netherlands,2009,3.686833
new_zealand,2009,5.455808
norway,2009,3.998333
poland,2009,6.120598
portugal,2009,4.210149
russia,2009,9.874166
slovakia,2009,4.706666
slovenia,2009,4.375
south_africa,2009,8.703333
south_korea,2009,5.165833
spain,2009,3.974333
sweden,2009,3.25
switzerland,2009,2.202667
united_kingdom,2009,3.6475
united_states,2009,3.256667
australia,2010,5.366042
austria,2010,3.225
belgium,2010,3.345
canada,2010,3.242875
chile,2010,6.2725
czech_republic,2010,3.884167
denmark,2010,2.926058
finland,2010,3.010833
france,2010,3.118333
germany,2010,2.743333
greece,2010,9.091666
hungary,2010,7.281667
iceland,2010,6.085834
ireland,2010,5.9925
israel,2010,4.684166
italy,2010,4.035708
japan,2010,1.148333
mexico,2010,4.861667
netherlands,2010,2.990083
new_zealand,2010,5.601967
norway,2010,3.528333
poland,2010,5.781667
portugal,2010,5.396408
russia,2010,7.831666
slovakia,2010,3.871667
slovenia,2010,3.8325
south_africa,2010,8.615
south_korea,2010,4.773334
spain,2010,4.24975
sweden,2010,2.893333
switzerland,2010,1.631917
united_kingdom,2010,3.611983
united_states,2010,3.214167
australia,2011,4.879583
austria,2011,3.319167
belgium,2011,4.1775
canada,2011,2.787
chile,2011,6.033333
czech_republic,2011,3.7075
denmark,2011,2.72935
finland,2011,3.005833
france,2011,3.32
germany,2011,2.608333
greece,2011,15.74917
hungary,2011,7.635409
iceland,2011,5.978333
ireland,2011,9.5775
israel,2011,4.98
italy,2011,5.422758
japan,2011,1.102417
luxembourg,2011,2.921892
mexico,2011,4.6575
netherlands,2011,2.98875
new_zealand,2011,4.943841
norway,2011,3.135
poland,2011,5.955583
portugal,2011,10.23912
russia,2011,8.060833
slovakia,2011,4.415
slovenia,2011,4.970833
south_africa,2011,8.52
south_korea,2011,4.2025
spain,2011,5.4375
sweden,2011,2.605
switzerland,2011,1.471333
united_kingdom,2011,3.120425
united_states,2011,2.785833
