country,year,total_urban_population
afghanistan,1500,177.0
albania,1500,49.0
algeria,1500,124.8
andorra,1500,3.0
angola,1500,60.0
argentina,1500,0.4
armenia,1500,11.0
austria,1500,78.4
azerbaijan,1500,67.0
bahrain,1500,7.0
bangladesh,1500,190.0
belarus,1500,55.2
belgium,1500,441.4
benin,1500,6.4
bolivia,1500,1.2
brazil,1500,3.8
brunei,1500,15.0
bulgaria,1500,155.8
burkina_faso,1500,40.0
cambodia,1500,71.0
chad,1500,0.4
chile,1500,2.8
colombia,1500,8.6
comoros,1500,0.4
cuba,1500,2.4
cyprus,1500,21.0
czech_republic,1500,161.4
denmark,1500,28.0
dominican_republic,1500,4.6
ecuador,1500,2.8
egypt,1500,397.6
el_salvador,1500,1.6
eritrea,1500,0.4
estonia,1500,11.0
ethiopia,1500,61.6
finland,1500,7.4
france,1500,1889.0
georgia,1500,23.0
germany,1500,1019.0
ghana,1500,21.3
greece,1500,142.0
guatemala,1500,93.6
guinea_bissau,1500,2.0
haiti,1500,0.4
honduras,1500,1.6
hungary,1500,105.0
iceland,1500,0.4
india,1500,5056.4
iran,1500,950.0
iraq,1500,204.0
ireland,1500,74.0
israel,1500,13.2
italy,1500,2576.0
jamaica,1500,0.4
japan,1500,1179.6
jordan,1500,8.4
kazakhstan,1500,22.0
kenya,1500,0.4
kyrgyzstan,1500,14.0
laos,1500,52.0
latvia,1500,19.0
lebanon,1500,20.0
libya,1500,18.3
liechtenstein,1500,0.4
lithuania,1500,36.8
luxembourg,1500,3.0
madagascar,1500,1.0
malaysia,1500,45.0
maldives,1500,1.0
mali,1500,97.0
malta,1500,13.0
mexico,1500,308.0
moldova,1500,4.4
monaco,1500,2.0
mongolia,1500,10.0
montenegro,1500,1.0
morocco,1500,190.2
mozambique,1500,2.4
myanmar,1500,317.0
nepal,1500,76.0
netherlands,1500,306.8
nicaragua,1500,3.8
niger,1500,31.0
nigeria,1500,362.0
north_korea,1500,120.0
norway,1500,21.0
oman,1500,22.0
pakistan,1500,250.4
panama,1500,0.4
paraguay,1500,0.4
peru,1500,53.2
philippines,1500,36.4
poland,1500,306.6
portugal,1500,282.0
romania,1500,154.4
russia,1500,341.0
rwanda,1500,0.4
san_marino,1500,1.0
sao_tome_and_principe,1500,0.4
saudi_arabia,1500,241.0
senegal,1500,23.0
slovakia,1500,48.0
somalia,1500,3.0
south_korea,1500,318.0
spain,1500,1616.8
sri_lanka,1500,50.0
sweden,1500,27.0
switzerland,1500,71.0
syria,1500,199.0
tajikistan,1500,13.0
tanzania,1500,30.0
thailand,1500,142.0
timor_leste,1500,0.4
tunisia,1500,164.0
turkey,1500,1027.8
turkmenistan,1500,2.0
uganda,1500,1.0
ukraine,1500,206.4
united_kingdom,1500,443.6
uzbekistan,1500,319.0
venezuela,1500,1.2
vietnam,1500,174.0
yemen,1500,102.4
zimbabwe,1500,48.0
afghanistan,1550,190.0
albania,1550,62.0
algeria,1550,116.8
andorra,1550,4.0
angola,1550,54.4
argentina,1550,5.8
armenia,1550,11.0
austria,1550,90.8
azerbaijan,1550,75.0
bahrain,1550,7.0
bangladesh,1550,222.0
belarus,1550,59.0
belgium,1550,429.4
benin,1550,6.0
bolivia,1550,123.8
brazil,1550,19.8
brunei,1550,17.0
bulgaria,1550,171.0
burkina_faso,1550,34.0
cambodia,1550,69.4
chad,1550,3.0
chile,1550,9.4
colombia,1550,20.6
comoros,1550,0.4
congo_drc,1550,0.4
costa_rica,1550,0.8
cuba,1550,5.4
cyprus,1550,18.0
czech_republic,1550,177.0
denmark,1550,39.0
dominican_republic,1550,8.0
ecuador,1550,7.4
egypt,1550,431.6
el_salvador,1550,3.2
eritrea,1550,0.4
estonia,1550,12.0
ethiopia,1550,51.0
finland,1550,9.4
france,1550,2101.0
georgia,1550,24.0
germany,1550,1113.0
ghana,1550,24.3
greece,1550,180.0
guatemala,1550,23.0
guinea_bissau,1550,2.0
haiti,1550,0.4
honduras,1550,4.4
hungary,1550,120.0
iceland,1550,0.4
india,1550,5058.6
iran,1550,1056.4
iraq,1550,202.0
ireland,1550,78.0
israel,1550,17.6
italy,1550,3028.0
jamaica,1550,1.0
japan,1550,1792.4
jordan,1550,10.4
kazakhstan,1550,23.0
kenya,1550,0.4
kyrgyzstan,1550,14.0
laos,1550,38.0
latvia,1550,17.0
lebanon,1550,21.0
libya,1550,19.1
liechtenstein,1550,0.4
lithuania,1550,44.8
luxembourg,1550,4.0
madagascar,1550,1.0
malaysia,1550,42.0
maldives,1550,2.0
mali,1550,105.0
malta,1550,17.0
mexico,1550,160.0
moldova,1550,6.0
monaco,1550,2.0
mongolia,1550,15.0
montenegro,1550,2.0
morocco,1550,191.0
mozambique,1550,2.4
myanmar,1550,357.0
nepal,1550,83.0
netherlands,1550,357.8
nicaragua,1550,5.0
niger,1550,26.0
nigeria,1550,396.2
north_korea,1550,155.0
norway,1550,22.0
oman,1550,23.0
pakistan,1550,299.0
panama,1550,1.0
paraguay,1550,1.0
peru,1550,28.4
philippines,1550,47.0
poland,1550,358.2
portugal,1550,341.0
romania,1550,143.0
russia,1550,348.6
rwanda,1550,0.4
san_marino,1550,1.0
sao_tome_and_principe,1550,0.4
saudi_arabia,1550,246.0
senegal,1550,15.0
slovakia,1550,55.0
somalia,1550,3.0
south_korea,1550,434.0
spain,1550,1821.0
sri_lanka,1550,62.0
sweden,1550,29.0
switzerland,1550,80.0
syria,1550,213.0
tajikistan,1550,14.0
tanzania,1550,23.0
thailand,1550,166.0
timor_leste,1550,1.0
tunisia,1550,166.0
turkey,1550,1541.6
turkmenistan,1550,2.0
uganda,1550,1.0
ukraine,1550,224.6
united_kingdom,1550,525.6
uzbekistan,1550,337.0
venezuela,1550,5.6
vietnam,1550,222.0
yemen,1550,102.4
zimbabwe,1550,24.0
afghanistan,1600,206.0
albania,1600,70.0
algeria,1600,130.0
andorra,1600,4.0
angola,1600,79.4
antigua_and_barbuda,1600,0.4
argentina,1600,16.0
armenia,1600,12.0
austria,1600,118.0
azerbaijan,1600,83.0
bahrain,1600,8.0
bangladesh,1600,269.0
barbados,1600,0.4
belarus,1600,59.0
belgium,1600,440.4
benin,1600,7.8
bolivia,1600,195.4
brazil,1600,39.2
brunei,1600,20.0
bulgaria,1600,187.0
burkina_faso,1600,28.0
cambodia,1600,70.0
canada,1600,1.2
cape_verde,1600,0.4
chad,1600,20.0
chile,1600,20.8
china,1600,19200.0
colombia,1600,40.6
comoros,1600,0.4
congo_drc,1600,1.0
costa_rica,1600,1.4
cuba,1600,14.0
cyprus,1600,17.0
czech_republic,1600,202.0
denmark,1600,64.0
dominican_republic,1600,9.0
ecuador,1600,13.4
egypt,1600,478.6
el_salvador,1600,6.4
eritrea,1600,0.4
estonia,1600,15.0
ethiopia,1600,40.4
finland,1600,10.4
france,1600,2356.0
georgia,1600,26.0
germany,1600,1271.0
ghana,1600,26.7
greece,1600,233.0
guatemala,1600,25.4
guinea_bissau,1600,2.0
haiti,1600,0.8
honduras,1600,5.0
hungary,1600,132.0
iceland,1600,0.4
india,1600,6104.8
iran,1600,993.8
iraq,1600,207.0
ireland,1600,83.0
israel,1600,11.4
italy,1600,3588.0
jamaica,1600,1.0
japan,1600,2812.8
jordan,1600,10.4
kazakhstan,1600,24.4
kenya,1600,0.4
kyrgyzstan,1600,15.0
laos,1600,31.0
latvia,1600,17.0
lebanon,1600,21.0
libya,1600,20.3
liechtenstein,1600,0.4
lithuania,1600,56.4
luxembourg,1600,5.0
madagascar,1600,1.4
malaysia,1600,34.0
maldives,1600,2.0
mali,1600,86.0
malta,1600,21.0
mauritius,1600,0.4
mexico,1600,249.8
moldova,1600,6.0
monaco,1600,2.0
mongolia,1600,22.0
montenegro,1600,2.0
morocco,1600,192.0
mozambique,1600,2.4
myanmar,1600,418.0
nepal,1600,89.0
netherlands,1600,530.0
nicaragua,1600,6.0
niger,1600,22.0
nigeria,1600,455.8
north_korea,1600,196.0
norway,1600,26.0
oman,1600,24.0
pakistan,1600,348.0
panama,1600,5.8
paraguay,1600,4.4
peru,1600,63.0
philippines,1600,66.0
poland,1600,448.2
portugal,1600,412.0
romania,1600,159.0
russia,1600,428.0
rwanda,1600,0.4
san_marino,1600,1.0
sao_tome_and_principe,1600,0.4
saudi_arabia,1600,255.0
senegal,1600,10.4
slovakia,1600,63.0
somalia,1600,3.0
south_korea,1600,572.0
spain,1600,2173.0
sri_lanka,1600,78.0
st_kitts_and_nevis,1600,0.4
suriname,1600,0.4
sweden,1600,34.0
switzerland,1600,89.0
syria,1600,231.0
tajikistan,1600,14.0
tanzania,1600,17.0
thailand,1600,145.0
timor_leste,1600,1.0
togo,1600,0.4
tunisia,1600,169.0
turkey,1600,2050.6
turkmenistan,1600,2.0
uganda,1600,1.0
ukraine,1600,263.6
united_kingdom,1600,721.2
united_states,1600,5.2
uzbekistan,1600,365.0
vanuatu,1600,0.4
venezuela,1600,16.4
vietnam,1600,290.0
yemen,1600,100.4
zimbabwe,1600,20.0
afghanistan,1650,212.0
albania,1650,68.0
algeria,1650,138.9
andorra,1650,4.0
angola,1650,70.0
antigua_and_barbuda,1650,1.0
argentina,1650,19.8
armenia,1650,12.0
austria,1650,147.0
azerbaijan,1650,91.0
bahamas,1650,0.4
bahrain,1650,8.0
bangladesh,1650,299.0
barbados,1650,1.0
belarus,1650,52.0
belgium,1650,501.4
belize,1650,0.4
benin,1650,12.4
bolivia,1650,154.0
brazil,1650,65.0
brunei,1650,19.0
bulgaria,1650,203.0
burkina_faso,1650,24.0
cambodia,1650,46.0
cameroon,1650,0.4
canada,1650,3.0
cape_verde,1650,1.0
chad,1650,24.0
chile,1650,22.8
china,1650,15400.0
colombia,1650,54.2
comoros,1650,0.4
congo_drc,1650,1.4
costa_rica,1650,2.4
cuba,1650,21.4
cyprus,1650,17.0
czech_republic,1650,168.0
denmark,1650,71.0
dominican_republic,1650,14.0
ecuador,1650,31.4
egypt,1650,503.6
el_salvador,1650,11.0
equatorial_guinea,1650,0.4
eritrea,1650,0.4
estonia,1650,16.0
ethiopia,1650,57.2
finland,1650,10.4
france,1650,2570.0
georgia,1650,26.0
germany,1650,1254.0
ghana,1650,36.9
greece,1650,213.0
grenada,1650,0.4
guatemala,1650,34.0
guinea,1650,0.4
guinea_bissau,1650,2.0
haiti,1650,1.8
honduras,1650,6.0
hungary,1650,135.0
iceland,1650,0.4
india,1650,6397.4
iran,1650,1027.0
iraq,1650,213.0
ireland,1650,113.0
israel,1650,15.2
italy,1650,3581.0
jamaica,1650,1.0
japan,1650,3263.4
jordan,1650,10.4
kazakhstan,1650,25.0
kenya,1650,0.4
kyrgyzstan,1650,15.0
laos,1650,33.0
latvia,1650,19.0
lebanon,1650,21.0
libya,1650,20.3
liechtenstein,1650,0.4
lithuania,1650,57.4
luxembourg,1650,5.0
madagascar,1650,3.8
malaysia,1650,22.0
maldives,1650,3.0
mali,1650,73.0
malta,1650,22.0
mauritius,1650,2.0
mexico,1650,291.6
moldova,1650,7.0
monaco,1650,3.0
mongolia,1650,26.0
montenegro,1650,2.0
morocco,1650,180.4
mozambique,1650,2.4
myanmar,1650,362.0
nepal,1650,97.0
netherlands,1650,802.0
nicaragua,1650,9.0
niger,1650,19.0
nigeria,1650,420.4
north_korea,1650,223.0
norway,1650,30.0
oman,1650,24.0
pakistan,1650,414.0
panama,1650,8.0
paraguay,1650,6.0
peru,1650,81.8
philippines,1650,78.8
poland,1650,402.2
portugal,1650,444.0
romania,1650,167.0
russia,1650,493.2
rwanda,1650,0.4
san_marino,1650,1.0
sao_tome_and_principe,1650,0.4
saudi_arabia,1650,253.0
senegal,1650,8.8
slovakia,1650,61.0
somalia,1650,6.6
south_africa,1650,0.4
south_korea,1650,710.0
spain,1650,1881.0
sri_lanka,1650,93.0
st_kitts_and_nevis,1650,1.0
st_lucia,1650,0.4
suriname,1650,1.0
sweden,1650,53.0
switzerland,1650,100.0
syria,1650,242.0
tajikistan,1650,14.0
tanzania,1650,13.0
thailand,1650,151.4
the_gambia,1650,0.4
timor_leste,1650,1.0
togo,1650,1.0
tunisia,1650,181.0
turkey,1650,1629.6
turkmenistan,1650,2.4
uganda,1650,5.0
ukraine,1650,266.6
united_kingdom,1650,906.2
united_states,1650,17.8
uzbekistan,1650,301.0
vanuatu,1650,1.0
venezuela,1650,33.8
vietnam,1650,243.6
yemen,1650,97.4
zimbabwe,1650,0.0
afghanistan,1700,221.0
albania,1700,74.0
algeria,1700,154.0
andorra,1700,4.0
angola,1700,63.0
antigua_and_barbuda,1700,1.0
argentina,1700,36.4
armenia,1700,12.0
austria,1700,203.0
azerbaijan,1700,100.0
bahamas,1700,1.0
bahrain,1700,8.0
bangladesh,1700,334.0
barbados,1700,2.0
belarus,1700,48.0
belgium,1700,593.0
belize,1700,1.0
benin,1700,66.0
bolivia,1700,146.0
brazil,1700,125.6
brunei,1700,19.0
bulgaria,1700,223.0
burkina_faso,1700,20.0
cambodia,1700,48.0
cameroon,1700,1.0
canada,1700,8.8
cape_verde,1700,1.0
chad,1700,30.0
chile,1700,35.2
colombia,1700,77.6
comoros,1700,1.0
congo_drc,1700,3.0
costa_rica,1700,4.8
cuba,1700,38.0
cyprus,1700,17.0
czech_republic,1700,150.0
denmark,1700,83.0
dominican_republic,1700,19.0
ecuador,1700,57.8
egypt,1700,543.6
el_salvador,1700,18.0
equatorial_guinea,1700,1.0
eritrea,1700,1.0
estonia,1700,19.0
ethiopia,1700,164.8
finland,1700,13.0
france,1700,2966.0
georgia,1700,26.0
germany,1700,1357.4
ghana,1700,50.4
greece,1700,192.0
grenada,1700,1.0
guatemala,1700,80.4
guinea,1700,1.0
guinea_bissau,1700,3.0
haiti,1700,2.8
honduras,1700,12.4
hungary,1700,140.0
iceland,1700,1.0
india,1700,7582.4
iran,1700,1197.0
iraq,1700,224.0
ireland,1700,194.0
israel,1700,18.2
italy,1700,3639.0
jamaica,1700,1.0
japan,1700,3798.2
jordan,1700,10.4
kazakhstan,1700,25.8
kenya,1700,0.4
kuwait,1700,0.2
kyrgyzstan,1700,15.0
laos,1700,35.0
latvia,1700,23.0
lebanon,1700,21.0
libya,1700,21.3
liechtenstein,1700,0.4
lithuania,1700,59.0
luxembourg,1700,5.0
madagascar,1700,14.0
malaysia,1700,19.8
maldives,1700,3.0
mali,1700,68.0
malta,1700,24.0
mauritius,1700,4.0
mexico,1700,435.4
moldova,1700,8.0
monaco,1700,3.0
mongolia,1700,30.0
montenegro,1700,2.0
morocco,1700,175.0
mozambique,1700,5.6
myanmar,1700,337.0
nepal,1700,105.0
netherlands,1700,770.0
nicaragua,1700,16.0
niger,1700,16.0
nigeria,1700,442.0
north_korea,1700,251.0
norway,1700,35.0
oman,1700,24.0
pakistan,1700,489.4
panama,1700,9.0
paraguay,1700,7.0
peru,1700,127.0
philippines,1700,78.4
poland,1700,384.2
portugal,1700,498.0
romania,1700,193.0
russia,1700,626.4
rwanda,1700,0.4
san_marino,1700,1.0
sao_tome_and_principe,1700,0.4
saudi_arabia,1700,252.0
senegal,1700,9.4
slovakia,1700,59.0
somalia,1700,18.8
south_africa,1700,2.0
south_korea,1700,1462.0
spain,1700,1784.0
sri_lanka,1700,113.0
st_kitts_and_nevis,1700,1.0
st_lucia,1700,1.0
st_vincent_and_the_grenadines,1700,0.4
suriname,1700,3.0
sweden,1700,85.0
switzerland,1700,110.0
syria,1700,254.0
tajikistan,1700,14.0
tanzania,1700,10.0
thailand,1700,146.4
the_gambia,1700,1.0
timor_leste,1700,1.0
togo,1700,1.0
tunisia,1700,194.0
turkey,1700,1584.6
turkmenistan,1700,3.0
uganda,1700,20.0
ukraine,1700,276.6
united_kingdom,1700,1245.4
united_states,1700,43.8
uruguay,1700,0.4
uzbekistan,1700,292.0
vanuatu,1700,1.0
venezuela,1700,82.8
vietnam,1700,217.4
yemen,1700,100.4
zimbabwe,1700,0.0
afghanistan,1750,238.0
albania,1750,85.0
algeria,1750,153.4
andorra,1750,5.0
angola,1750,24.0
antigua_and_barbuda,1750,1.0
argentina,1750,54.2
armenia,1750,12.0
australia,1750,0.4
austria,1750,275.0
azerbaijan,1750,84.0
bahamas,1750,2.0
bahrain,1750,9.0
bangladesh,1750,349.0
barbados,1750,6.0
belarus,1750,70.0
belgium,1750,579.0
belize,1750,1.0
benin,1750,65.4
bolivia,1750,107.4
brazil,1750,194.2
brunei,1750,18.0
bulgaria,1750,252.0
burkina_faso,1750,17.0
cambodia,1750,52.0
cameroon,1750,2.4
canada,1750,24.4
cape_verde,1750,3.0
chad,1750,28.0
chile,1750,63.4
colombia,1750,114.6
comoros,1750,1.0
congo_drc,1750,9.0
costa_rica,1750,8.0
cuba,1750,36.2
cyprus,1750,17.0
czech_republic,1750,163.0
denmark,1750,102.0
dominican_republic,1750,29.4
ecuador,1750,95.2
egypt,1750,511.6
el_salvador,1750,37.4
equatorial_guinea,1750,1.0
eritrea,1750,1.0
estonia,1750,20.0
ethiopia,1750,121.0
finland,1750,17.4
france,1750,3444.0
georgia,1750,26.0
germany,1750,1759.4
ghana,1750,51.0
greece,1750,230.0
grenada,1750,1.0
guatemala,1750,130.8
guinea,1750,2.0
guinea_bissau,1750,3.0
guyana,1750,0.4
haiti,1750,8.4
honduras,1750,22.8
hungary,1750,327.0
iceland,1750,1.0
india,1750,7680.4
iran,1750,953.0
iraq,1750,246.0
ireland,1750,346.0
israel,1750,22.1
italy,1750,4174.0
jamaica,1750,2.0
japan,1750,3844.4
jordan,1750,11.4
kazakhstan,1750,30.8
kenya,1750,0.4
kuwait,1750,2.0
kyrgyzstan,1750,16.0
laos,1750,38.0
latvia,1750,28.0
lebanon,1750,23.0
libya,1750,24.3
liechtenstein,1750,1.0
lithuania,1750,45.0
luxembourg,1750,7.0
madagascar,1750,16.0
malaysia,1750,21.4
maldives,1750,4.0
mali,1750,63.4
malta,1750,27.0
mauritius,1750,9.0
mexico,1750,536.0
moldova,1750,11.0
monaco,1750,4.0
mongolia,1750,30.0
montenegro,1750,2.0
morocco,1750,164.4
mozambique,1750,5.2
myanmar,1750,303.4
nepal,1750,114.0
netherlands,1750,749.0
nicaragua,1750,28.0
niger,1750,14.4
nigeria,1750,477.8
north_korea,1750,258.0
norway,1750,49.0
oman,1750,25.0
pakistan,1750,537.2
palau,1750,0.4
panama,1750,13.0
paraguay,1750,10.2
peru,1750,128.2
philippines,1750,127.4
poland,1750,456.6
portugal,1750,565.0
romania,1750,256.0
russia,1750,963.2
rwanda,1750,0.4
samoa,1750,0.4
san_marino,1750,1.0
sao_tome_and_principe,1750,0.4
saudi_arabia,1750,263.0
senegal,1750,9.4
sierra_leone,1750,0.4
slovakia,1750,115.0
somalia,1750,11.8
south_africa,1750,6.0
south_korea,1750,805.0
spain,1750,2311.0
sri_lanka,1750,128.0
st_kitts_and_nevis,1750,2.0
st_lucia,1750,2.0
st_vincent_and_the_grenadines,1750,1.0
suriname,1750,8.0
sweden,1750,125.0
switzerland,1750,133.0
syria,1750,251.0
tajikistan,1750,16.0
tanzania,1750,0.0
thailand,1750,144.4
the_gambia,1750,1.0
timor_leste,1750,1.0
togo,1750,1.4
tonga,1750,0.4
trinidad_and_tobago,1750,1.2
tunisia,1750,188.0
turkey,1750,1636.6
turkmenistan,1750,3.0
tuvalu,1750,0.4
uganda,1750,21.0
ukraine,1750,390.4
united_kingdom,1750,1716.4
united_states,1750,117.0
uruguay,1750,2.4
uzbekistan,1750,301.4
vanuatu,1750,2.0
venezuela,1750,102.2
vietnam,1750,206.2
yemen,1750,95.4
zimbabwe,1750,0.0
afghanistan,1800,266.0
albania,1800,115.0
algeria,1800,159.0
andorra,1800,6.0
angola,1800,17.0
antigua_and_barbuda,1800,1.0
argentina,1800,86.0
armenia,1800,13.0
australia,1800,7.8
austria,1800,379.0
azerbaijan,1800,73.0
bahamas,1800,6.0
bahrain,1800,9.0
bangladesh,1800,361.0
barbados,1800,11.0
belarus,1800,99.0
belgium,1800,717.0
belize,1800,1.0
benin,1800,78.0
bolivia,1800,103.0
brazil,1800,372.4
brunei,1800,18.0
bulgaria,1800,324.0
burkina_faso,1800,14.0
cambodia,1800,55.0
cameroon,1800,4.4
canada,1800,71.8
cape_verde,1800,6.0
chad,1800,27.0
chile,1800,122.6
china,1800,23100.0
colombia,1800,185.0
comoros,1800,0.4
congo_drc,1800,33.4
costa_rica,1800,22.0
cuba,1800,127.0
cyprus,1800,18.0
czech_republic,1800,194.0
denmark,1800,129.0
dominican_republic,1800,44.4
ecuador,1800,84.4
egypt,1800,495.0
el_salvador,1800,76.0
equatorial_guinea,1800,3.4
eritrea,1800,0.4
estonia,1800,25.0
ethiopia,1800,97.8
fiji,1800,0.4
finland,1800,30.0
france,1800,3921.0
gabon,1800,0.4
georgia,1800,26.0
germany,1800,2272.8
ghana,1800,66.0
greece,1800,298.0
grenada,1800,2.0
guatemala,1800,124.0
guinea,1800,3.0
guinea_bissau,1800,3.0
guyana,1800,9.0
haiti,1800,32.4
honduras,1800,42.0
hungary,1800,484.0
iceland,1800,1.0
india,1800,8732.6
iran,1800,797.8
iraq,1800,294.0
ireland,1800,513.0
israel,1800,28.8
italy,1800,4909.0
jamaica,1800,30.0
japan,1800,4069.0
jordan,1800,11.4
kazakhstan,1800,38.2
kenya,1800,1.0
kuwait,1800,7.0
kyrgyzstan,1800,17.4
laos,1800,41.0
latvia,1800,46.0
lebanon,1800,24.0
liberia,1800,0.4
libya,1800,30.1
liechtenstein,1800,1.0
lithuania,1800,58.0
luxembourg,1800,10.0
madagascar,1800,31.2
malaysia,1800,38.0
maldives,1800,4.0
mali,1800,100.4
malta,1800,37.0
mauritius,1800,20.0
mexico,1800,844.2
micronesia,1800,0.4
moldova,1800,19.0
monaco,1800,5.0
mongolia,1800,30.0
montenegro,1800,3.0
morocco,1800,161.3
mozambique,1800,4.6
myanmar,1800,464.4
namibia,1800,0.4
nepal,1800,117.0
netherlands,1800,783.0
new_zealand,1800,2.0
nicaragua,1800,47.2
niger,1800,13.0
nigeria,1800,644.8
north_korea,1800,266.4
norway,1800,59.0
oman,1800,25.0
pakistan,1800,666.8
palau,1800,1.0
panama,1800,18.0
paraguay,1800,16.0
peru,1800,158.4
philippines,1800,220.2
poland,1800,604.2
portugal,1800,994.0
qatar,1800,0.2
romania,1800,312.0
russia,1800,1742.6
rwanda,1800,0.4
samoa,1800,0.3
san_marino,1800,1.0
sao_tome_and_principe,1800,0.4
saudi_arabia,1800,270.0
senegal,1800,11.8
seychelles,1800,0.4
sierra_leone,1800,6.0
singapore,1800,0.4
slovakia,1800,138.0
somalia,1800,8.2
south_africa,1800,28.8
south_korea,1800,743.0
spain,1800,2822.6
sri_lanka,1800,141.0
st_kitts_and_nevis,1800,3.0
st_vincent_and_the_grenadines,1800,1.0
suriname,1800,20.0
sweden,1800,145.0
switzerland,1800,141.0
syria,1800,250.0
tajikistan,1800,17.0
tanzania,1800,60.4
thailand,1800,128.8
the_gambia,1800,2.4
timor_leste,1800,2.0
togo,1800,4.0
tonga,1800,1.0
trinidad_and_tobago,1800,12.0
tunisia,1800,184.0
turkey,1800,1780.0
turkmenistan,1800,4.0
tuvalu,1800,1.0
uganda,1800,22.0
ukraine,1800,497.4
united_arab_emirates,1800,0.8
united_kingdom,1800,3009.2
united_states,1800,404.6
uruguay,1800,15.0
uzbekistan,1800,314.0
vanuatu,1800,4.0
venezuela,1800,205.0
vietnam,1800,209.2
yemen,1800,96.4
zimbabwe,1800,0.4
afghanistan,1850,266.0
albania,1850,110.0
algeria,1850,263.0
andorra,1850,9.0
angola,1850,24.4
antigua_and_barbuda,1850,2.0
argentina,1850,273.6
armenia,1850,29.0
australia,1850,117.2
austria,1850,626.0
azerbaijan,1850,61.0
bahamas,1850,8.0
bahrain,1850,11.0
bangladesh,1850,378.0
barbados,1850,20.0
belarus,1850,216.0
belgium,1850,1116.0
belize,1850,4.0
benin,1850,67.4
bolivia,1850,188.0
botswana,1850,0.4
brazil,1850,978.6
brunei,1850,22.0
bulgaria,1850,354.0
burkina_faso,1850,12.4
burundi,1850,0.4
cambodia,1850,64.0
cameroon,1850,11.8
canada,1850,280.0
cape_verde,1850,11.0
central_african_republic,1850,0.4
chad,1850,20.4
chile,1850,261.2
china,1850,28840.0
colombia,1850,252.5
comoros,1850,2.0
congo,1850,0.4
congo_drc,1850,49.4
costa_rica,1850,53.4
cuba,1850,431.8
cyprus,1850,22.0
czech_republic,1850,314.0
denmark,1850,177.0
djibouti,1850,0.4
dominican_republic,1850,57.8
ecuador,1850,124.0
egypt,1850,666.8
el_salvador,1850,142.0
equatorial_guinea,1850,7.0
eritrea,1850,2.4
estonia,1850,45.0
ethiopia,1850,105.2
fiji,1850,3.0
finland,1850,66.4
france,1850,5920.0
gabon,1850,1.0
georgia,1850,81.0
germany,1850,3921.0
ghana,1850,65.0
greece,1850,335.8
grenada,1850,3.0
guatemala,1850,241.0
guinea,1850,6.4
guinea_bissau,1850,6.0
guyana,1850,9.0
haiti,1850,54.8
honduras,1850,65.4
hungary,1850,877.0
iceland,1850,1.0
india,1850,11206.8
iran,1850,963.4
iraq,1850,416.2
ireland,1850,688.0
israel,1850,22.8
italy,1850,6145.0
jamaica,1850,37.0
japan,1850,5647.2
jordan,1850,17.0
kazakhstan,1850,80.0
kenya,1850,1.4
kuwait,1850,30.0
kyrgyzstan,1850,25.2
laos,1850,18.4
latvia,1850,109.0
lebanon,1850,34.0
lesotho,1850,0.4
liberia,1850,2.0
libya,1850,43.0
liechtenstein,1850,1.0
lithuania,1850,121.0
luxembourg,1850,22.0
madagascar,1850,63.4
malawi,1850,0.4
malaysia,1850,57.8
maldives,1850,5.0
mali,1850,108.4
malta,1850,60.0
marshall_is,1850,0.4
mauritius,1850,49.0
mexico,1850,1154.2
micronesia,1850,1.0
moldova,1850,78.0
monaco,1850,10.0
mongolia,1850,34.0
montenegro,1850,4.0
morocco,1850,199.0
mozambique,1850,16.2
myanmar,1850,678.4
namibia,1850,1.0
nepal,1850,144.0
netherlands,1850,1053.0
new_zealand,1850,18.0
nicaragua,1850,76.4
niger,1850,13.0
nigeria,1850,730.2
north_korea,1850,312.4
norway,1850,107.0
oman,1850,36.0
pakistan,1850,813.4
palau,1850,2.0
panama,1850,26.4
papua_new_guinea,1850,0.4
paraguay,1850,63.0
peru,1850,239.8
philippines,1850,370.0
poland,1850,1182.0
portugal,1850,1106.0
qatar,1850,2.0
romania,1850,588.0
russia,1850,3111.8
rwanda,1850,0.4
samoa,1850,1.0
san_marino,1850,2.0
sao_tome_and_principe,1850,0.4
saudi_arabia,1850,364.0
senegal,1850,20.3
seychelles,1850,2.0
sierra_leone,1850,11.4
singapore,1850,54.0
slovakia,1850,173.0
somalia,1850,16.8
south_africa,1850,49.0
south_korea,1850,840.0
spain,1850,3817.4
sri_lanka,1850,221.0
st_kitts_and_nevis,1850,6.0
st_lucia,1850,4.0
st_vincent_and_the_grenadines,1850,2.0
suriname,1850,20.0
sweden,1850,218.0
switzerland,1850,327.0
syria,1850,317.0
tajikistan,1850,24.0
tanzania,1850,65.0
thailand,1850,258.8
the_gambia,1850,7.0
timor_leste,1850,2.0
togo,1850,10.0
tonga,1850,2.0
trinidad_and_tobago,1850,24.0
tunisia,1850,216.0
turkey,1850,2072.0
turkmenistan,1850,8.8
tuvalu,1850,1.0
uganda,1850,20.0
ukraine,1850,1081.6
united_arab_emirates,1850,9.0
united_kingdom,1850,8231.0
united_states,1850,2574.9
uruguay,1850,23.0
uzbekistan,1850,411.4
vanuatu,1850,8.0
venezuela,1850,253.4
vietnam,1850,374.6
yemen,1850,96.4
zimbabwe,1850,3.2
afghanistan,1900,313.0
albania,1900,206.0
algeria,1900,638.4
andorra,1900,12.0
angola,1900,38.8
antigua_and_barbuda,1900,2.0
argentina,1900,1665.4
armenia,1900,64.0
australia,1900,1419.4
austria,1900,2009.0
azerbaijan,1900,242.4
bahamas,1900,13.0
bahrain,1900,16.0
bangladesh,1900,469.0
barbados,1900,21.0
belarus,1900,555.0
belgium,1900,1857.0
belize,1900,10.0
benin,1900,93.8
bolivia,1900,158.8
botswana,1900,1.0
brazil,1900,2499.4
brunei,1900,15.0
bulgaria,1900,423.0
burkina_faso,1900,20.0
burundi,1900,3.4
cambodia,1900,85.4
cameroon,1900,33.8
canada,1900,1011.0
cape_verde,1900,21.0
central_african_republic,1900,13.0
chad,1900,16.4
chile,1900,672.4
china,1900,28000.0
colombia,1900,627.0
comoros,1900,6.0
congo,1900,4.8
congo_drc,1900,144.2
costa_rica,1900,67.0
cote_d_ivoire,1900,18.2
cuba,1900,544.0
cyprus,1900,27.0
czech_republic,1900,1049.0
denmark,1900,733.0
djibouti,1900,3.0
dominican_republic,1900,104.0
ecuador,1900,234.0
egypt,1900,1762.4
el_salvador,1900,319.4
equatorial_guinea,1900,18.0
eritrea,1900,8.0
estonia,1900,143.0
ethiopia,1900,119.2
fiji,1900,20.0
finland,1900,216.0
france,1900,11039.0
gabon,1900,3.0
georgia,1900,221.0
germany,1900,13374.0
ghana,1900,85.0
greece,1900,661.0
grenada,1900,5.0
guatemala,1900,448.4
guinea,1900,20.4
guinea_bissau,1900,10.0
guyana,1900,53.0
haiti,1900,171.0
honduras,1900,129.0
hungary,1900,2000.0
iceland,1900,6.0
india,1900,14748.0
iran,1900,1751.2
iraq,1900,612.0
ireland,1900,1025.0
israel,1900,85.8
italy,1900,11407.0
jamaica,1900,52.0
japan,1900,7182.6
jordan,1900,25.0
kazakhstan,1900,176.2
kenya,1900,43.2
kuwait,1900,15.0
kyrgyzstan,1900,44.0
laos,1900,38.0
latvia,1900,326.0
lebanon,1900,150.0
lesotho,1900,3.0
liberia,1900,6.0
libya,1900,121.0
liechtenstein,1900,2.0
lithuania,1900,283.0
luxembourg,1900,21.0
madagascar,1900,101.0
malawi,1900,6.8
malaysia,1900,200.2
maldives,1900,6.0
mali,1900,100.0
malta,1900,85.0
marshall_is,1900,2.0
mauritania,1900,0.8
mauritius,1900,53.0
mexico,1900,2261.8
micronesia,1900,2.0
moldova,1900,141.0
monaco,1900,18.0
mongolia,1900,38.0
montenegro,1900,6.0
morocco,1900,338.4
mozambique,1900,66.4
myanmar,1900,756.0
namibia,1900,3.0
nepal,1900,174.0
netherlands,1900,2329.0
new_zealand,1900,174.0
nicaragua,1900,144.0
niger,1900,20.0
nigeria,1900,1020.2
north_korea,1900,398.4
norway,1900,315.0
oman,1900,51.0
pakistan,1900,1290.0
palau,1900,3.0
panama,1900,58.0
papua_new_guinea,1900,3.4
paraguay,1900,103.4
peru,1900,379.0
philippines,1900,804.4
poland,1900,3419.0
portugal,1900,1836.4
qatar,1900,14.0
romania,1900,1436.0
russia,1900,7207.2
rwanda,1900,1.4
samoa,1900,3.0
san_marino,1900,2.0
sao_tome_and_principe,1900,2.0
saudi_arabia,1900,490.0
senegal,1900,59.4
seychelles,1900,10.0
sierra_leone,1900,37.4
singapore,1900,229.0
slovakia,1900,281.0
solomon_is,1900,0.4
somalia,1900,42.0
south_africa,1900,566.6
south_korea,1900,1151.4
spain,1900,5806.0
sri_lanka,1900,346.0
st_kitts_and_nevis,1900,10.0
st_lucia,1900,8.0
st_vincent_and_the_grenadines,1900,4.0
suriname,1900,34.0
swaziland,1900,0.4
sweden,1900,685.0
switzerland,1900,702.0
syria,1900,317.0
tajikistan,1900,36.0
tanzania,1900,83.8
thailand,1900,580.2
the_gambia,1900,12.0
timor_leste,1900,3.0
togo,1900,10.0
tonga,1900,5.0
trinidad_and_tobago,1900,70.0
tunisia,1900,267.0
turkey,1900,2832.2
turkmenistan,1900,37.0
tuvalu,1900,2.0
uganda,1900,31.4
ukraine,1900,2772.4
united_arab_emirates,1900,65.0
united_kingdom,1900,17373.0
united_states,1900,17466.5
uruguay,1900,311.4
uzbekistan,1900,650.0
vanuatu,1900,14.0
venezuela,1900,398.0
vietnam,1900,581.4
yemen,1900,115.4
zambia,1900,2.8
zimbabwe,1900,19.0
afghanistan,1950,1117.0
albania,1950,429.0
algeria,1950,1881.0
andorra,1950,16.0
angola,1950,241.0
antigua_and_barbuda,1950,8.0
argentina,1950,5894.4
armenia,1950,666.0
australia,1950,4024.0
austria,1950,2482.0
azerbaijan,1950,828.0
bahamas,1950,46.0
bahrain,1950,73.0
bangladesh,1950,1782.0
barbados,1950,45.0
belarus,1950,1534.4
belgium,1950,2211.0
belize,1950,27.0
benin,1950,217.4
bhutan,1950,0.4
bolivia,1950,665.0
botswana,1950,4.0
brazil,1950,12217.8
brunei,1950,12.0
bulgaria,1950,1566.0
burkina_faso,1950,77.0
burundi,1950,27.0
cambodia,1950,491.0
cameroon,1950,192.0
canada,1950,4550.0
cape_verde,1950,44.0
central_african_republic,1950,82.4
chad,1950,85.4
chile,1950,2035.0
colombia,1950,3463.0
comoros,1950,18.0
congo,1950,84.0
congo_drc,1950,765.4
costa_rica,1950,259.0
cote_d_ivoire,1950,173.4
cuba,1950,1976.0
cyprus,1950,103.0
czech_republic,1950,2027.0
denmark,1950,1358.0
djibouti,1950,17.0
dominican_republic,1950,481.4
ecuador,1950,810.0
egypt,1950,5158.0
el_salvador,1950,698.0
equatorial_guinea,1950,57.0
eritrea,1950,96.0
estonia,1950,394.0
ethiopia,1950,670.0
fiji,1950,141.0
finland,1950,776.0
france,1950,13444.0
gabon,1950,32.0
georgia,1950,831.0
germany,1950,25890.0
ghana,1950,362.8
greece,1950,1873.0
grenada,1950,13.0
guatemala,1950,914.0
guinea,1950,73.4
guinea_bissau,1950,71.0
guyana,1950,85.0
haiti,1950,428.0
honduras,1950,318.0
hungary,1950,3116.0
iceland,1950,56.0
india,1950,39191.4
iran,1950,5589.8
iraq,1950,2191.0
ireland,1950,1181.0
israel,1950,604.0
italy,1950,19274.0
jamaica,1950,297.0
japan,1950,30724.4
jordan,1950,135.0
kazakhstan,1950,2195.4
kenya,1950,241.0
kuwait,1950,120.0
kyrgyzstan,1950,158.0
laos,1950,59.0
latvia,1950,441.0
lebanon,1950,446.0
lesotho,1950,27.0
liberia,1950,56.0
libya,1950,487.0
liechtenstein,1950,4.0
lithuania,1950,528.0
luxembourg,1950,41.0
madagascar,1950,320.0
malawi,1950,21.0
malaysia,1950,1164.0
maldives,1950,20.0
mali,1950,236.0
malta,1950,115.0
marshall_is,1950,6.0
mauritania,1950,8.0
mauritius,1950,70.0
mexico,1950,10225.4
micronesia,1950,6.0
moldova,1950,191.0
monaco,1950,25.0
mongolia,1950,70.0
montenegro,1950,14.0
morocco,1950,2607.0
mozambique,1950,497.4
myanmar,1950,1685.4
namibia,1950,21.0
nepal,1950,584.0
netherlands,1950,3986.4
new_zealand,1950,536.0
nicaragua,1950,280.0
niger,1950,62.0
nigeria,1950,3012.4
north_korea,1950,2354.0
norway,1950,836.0
oman,1950,183.0
pakistan,1950,5047.0
palau,1950,7.0
panama,1950,241.0
papua_new_guinea,1950,35.0
paraguay,1950,377.4
peru,1950,1842.0
philippines,1950,3688.4
poland,1950,4846.0
portugal,1950,3177.0
qatar,1950,65.0
romania,1950,2737.0
russia,1950,35039.4
rwanda,1950,11.0
samoa,1950,11.0
san_marino,1950,3.0
sao_tome_and_principe,1950,8.0
saudi_arabia,1950,1693.0
senegal,1950,416.0
seychelles,1950,5.0
sierra_leone,1950,116.0
singapore,1950,1070.0
slovakia,1950,516.0
solomon_is,1950,5.0
somalia,1950,195.0
south_africa,1950,3162.0
south_korea,1950,7014.0
spain,1950,11690.0
sri_lanka,1950,857.0
st_kitts_and_nevis,1950,13.0
st_lucia,1950,9.0
st_vincent_and_the_grenadines,1950,10.0
suriname,1950,74.0
swaziland,1950,6.0
sweden,1950,1833.0
switzerland,1950,1301.0
syria,1950,451.2
tajikistan,1950,304.0
tanzania,1950,216.0
thailand,1950,1735.0
the_gambia,1950,42.0
timor_leste,1950,44.0
togo,1950,56.0
tonga,1950,11.0
trinidad_and_tobago,1950,135.0
tunisia,1950,580.0
turkey,1950,3340.0
turkmenistan,1950,282.0
tuvalu,1950,3.0
uganda,1950,70.0
ukraine,1950,8348.0
united_arab_emirates,1950,268.0
united_kingdom,1950,24220.8
united_states,1950,48533.8
uruguay,1950,1266.0
uzbekistan,1950,1708.0
vanuatu,1950,24.0
venezuela,1950,2366.2
vietnam,1950,3590.0
yemen,1950,422.4
zambia,1950,587.0
zimbabwe,1950,137.8
afghanistan,2000,4917.0
albania,2000,1049.0
algeria,2000,7076.0
andorra,2000,22.0
angola,2000,3658.0
antigua_and_barbuda,2000,24.0
argentina,2000,14777.0
armenia,2000,1361.0
australia,2000,13255.0
austria,2000,2800.0
azerbaijan,2000,2767.0
bahamas,2000,203.0
bahrain,2000,332.0
bangladesh,2000,12265.0
barbados,2000,97.0
belarus,2000,5106.0
belgium,2000,3356.0
belize,2000,71.0
benin,2000,2222.0
bhutan,2000,79.0
bolivia,2000,3903.0
botswana,2000,186.0
brazil,2000,75771.0
brunei,2000,140.0
bulgaria,2000,3048.0
burkina_faso,2000,1207.0
burundi,2000,823.0
cambodia,2000,2098.0
cameroon,2000,4187.0
canada,2000,9680.0
cape_verde,2000,94.0
central_african_republic,2000,747.0
chad,2000,972.0
chile,2000,8334.0
colombia,2000,24014.0
comoros,2000,60.0
congo,2000,1749.0
congo_drc,2000,18434.0
costa_rica,2000,715.0
cote_d_ivoire,2000,6292.0
cuba,2000,4627.0
cyprus,2000,412.0
czech_republic,2000,2681.2
denmark,2000,1686.0
djibouti,2000,567.0
dominican_republic,2000,4780.0
ecuador,2000,5434.0
egypt,2000,23247.0
el_salvador,2000,2257.0
equatorial_guinea,2000,329.0
eritrea,2000,466.0
estonia,2000,620.0
ethiopia,2000,4149.0
fiji,2000,86.0
finland,2000,1834.0
france,2000,16139.0
gabon,2000,578.0
georgia,2000,1506.0
germany,2000,32115.0
ghana,2000,4057.0
greece,2000,3129.0
grenada,2000,34.0
guatemala,2000,3317.0
guinea,2000,2424.0
guinea_bissau,2000,385.0
guyana,2000,135.0
haiti,2000,2880.0
honduras,2000,2254.0
hungary,2000,4082.0
iceland,2000,111.0
india,2000,170817.4
iran,2000,29086.0
iraq,2000,19460.0
ireland,2000,1434.0
israel,2000,3129.0
italy,2000,23558.0
jamaica,2000,747.0
japan,2000,77651.7
jordan,2000,2606.0
kazakhstan,2000,5520.0
kenya,2000,3709.0
kuwait,2000,151.0
kyrgyzstan,2000,974.0
laos,2000,274.0
latvia,2000,981.0
lebanon,2000,550.0
lesotho,2000,228.0
liberia,2000,543.0
libya,2000,2768.0
liechtenstein,2000,5.0
lithuania,2000,1326.0
luxembourg,2000,80.0
madagascar,2000,2229.0
malawi,2000,1025.0
malaysia,2000,9900.4
maldives,2000,104.0
mali,2000,2912.0
malta,2000,155.0
marshall_is,2000,25.0
mauritania,2000,900.0
mauritius,2000,148.0
mexico,2000,54843.0
micronesia,2000,14.0
moldova,2000,787.0
monaco,2000,36.0
mongolia,2000,712.0
montenegro,2000,136.0
morocco,2000,9984.0
mozambique,2000,4335.0
myanmar,2000,9586.0
namibia,2000,223.0
nepal,2000,1696.0
netherlands,2000,6563.0
new_zealand,2000,1906.0
nicaragua,2000,1719.0
niger,2000,1184.0
nigeria,2000,14425.0
north_korea,2000,10266.0
norway,2000,1304.0
oman,2000,785.0
pakistan,2000,31826.0
palau,2000,14.0
panama,2000,1228.0
papua_new_guinea,2000,327.0
paraguay,2000,1349.0
peru,2000,12713.0
philippines,2000,23870.0
poland,2000,12222.0
portugal,2000,3729.0
qatar,2000,299.0
romania,2000,7284.0
russia,2000,71371.0
rwanda,2000,617.0
samoa,2000,38.0
san_marino,2000,4.0
sao_tome_and_principe,2000,56.0
saudi_arabia,2000,18421.0
senegal,2000,3454.0
seychelles,2000,25.0
sierra_leone,2000,1379.0
singapore,2000,4000.0
slovakia,2000,1243.0
solomon_is,2000,65.0
somalia,2000,4956.0
south_africa,2000,12262.0
south_korea,2000,39674.0
spain,2000,21452.0
sri_lanka,2000,1745.0
st_kitts_and_nevis,2000,16.0
st_lucia,2000,11.0
st_vincent_and_the_grenadines,2000,25.0
suriname,2000,243.0
swaziland,2000,95.0
sweden,2000,2201.0
switzerland,2000,1521.0
syria,2000,1183.0
tajikistan,2000,711.0
tanzania,2000,5005.0
thailand,2000,9304.0
the_gambia,2000,370.0
timor_leste,2000,194.0
togo,2000,795.0
tonga,2000,24.0
trinidad_and_tobago,2000,171.0
tunisia,2000,1667.0
turkey,2000,30033.0
turkmenistan,2000,1197.0
tuvalu,2000,4.0
uganda,2000,1472.0
ukraine,2000,17061.4
united_arab_emirates,2000,2782.0
united_kingdom,2000,26739.0
united_states,2000,78908.0
uruguay,2000,1480.0
uzbekistan,2000,5469.0
vanuatu,2000,44.0
venezuela,2000,19030.0
vietnam,2000,9581.0
yemen,2000,3156.0
zambia,2000,2386.0
zimbabwe,2000,3035.0
