concept,bib_citation,concept_type,downloaded_from,name,ris_citation,text_citation,xml_citation
numeracy_total,https://www.clio-infra.eu/Citations/DOI-10622_GEQKCG.bib,measure,https://www.clio-infra.eu/data/Numeracy(Total)_Compact.xlsx,Numeracy (Total),https://www.clio-infra.eu/Citations/DOI-10622_GEQKCG.ris,"Baten, Joerg (2015). Numeracy (Total). http://hdl.handle.net/10622/GEQKCG, accessed via the Clio Infra website.",https://www.clio-infra.eu/citations/DOI-10622_GEQKCG.xml
openness_of_executive,https://www.clio-infra.eu/Citations/DOI-10622_PU9ETX.bib,measure,https://www.clio-infra.eu/data/OpennessofExecutiveRecruitment(XROPEN)_Compact.xlsx,Openness of Executive ,https://www.clio-infra.eu/Citations/DOI-10622_PU9ETX.ris,"Marshall, M. G., T. R. Gurr and K. Jaggers (2015). Openness of Executive Recruitment (XROPEN). http://hdl.handle.net/10622/PU9ETX, accessed via the Clio Infra website.",https://www.clio-infra.eu/citations/DOI-10622_PU9ETX.xml
exchange_rates_to_us_dollar,https://www.clio-infra.eu/Citations/DOI-10622_KC0ZHV.bib,measure,https://www.clio-infra.eu/data/ExchangeRatestoUSDollar_Compact.xlsx,Exchange Rates to US Dollar,https://www.clio-infra.eu/Citations/DOI-10622_KC0ZHV.ris,"Bosch, Reinoud (2015). Exchange Rates to US Dollar. http://hdl.handle.net/10622/KC0ZHV, accessed via the Clio Infra website.",https://www.clio-infra.eu/citations/DOI-10622_KC0ZHV.xml
pigs_per_capita,https://www.clio-infra.eu/Citations/DOI-10622_KRWHME.bib,measure,https://www.clio-infra.eu/data/PigsperCapita_Compact.xlsx,Pigs per Capita,https://www.clio-infra.eu/Citations/DOI-10622_KRWHME.ris,"Klein Goldewijk, Kees (2015). Pigs per Capita. http://hdl.handle.net/10622/KRWHME, accessed via the Clio Infra website.",https://www.clio-infra.eu/citations/DOI-10622_KRWHME.xml
pasture_per_capita,https://www.clio-infra.eu/Citations/DOI-10622_ACOPHR.bib,measure,https://www.clio-infra.eu/data/PastureperCapita_Compact.xlsx,Pasture per Capita,https://www.clio-infra.eu/Citations/DOI-10622_ACOPHR.ris,"Klein Goldewijk, Kees (2015). Pasture per Capita. http://hdl.handle.net/10622/ACOPHR, accessed via the Clio Infra website.",https://www.clio-infra.eu/citations/DOI-10622_ACOPHR.xml
total_population,https://www.clio-infra.eu/Citations/DOI-10622_SNETZV.bib,measure,https://www.clio-infra.eu/data/TotalPopulation_Compact.xlsx,Total Population,https://www.clio-infra.eu/Citations/DOI-10622_SNETZV.ris,"Fink-Jensen, Jonathan (2015). Total Population. http://hdl.handle.net/10622/SNETZV, accessed via the Clio Infra website.",https://www.clio-infra.eu/citations/DOI-10622_SNETZV.xml
political_participation,https://www.clio-infra.eu/Citations/DOI-10622_UOKWUF.bib,measure,https://www.clio-infra.eu/data/PoliticalParticipation_Compact.xlsx,Political Participation,https://www.clio-infra.eu/Citations/DOI-10622_UOKWUF.ris,"Vanhanen, Tatu (2015). Political Participation. http://hdl.handle.net/10622/UOKWUF, accessed via the Clio Infra website.",https://www.clio-infra.eu/citations/DOI-10622_UOKWUF.xml
infant_mortality,https://www.clio-infra.eu/Citations/DOI-10622_H83HEV.bib,measure,https://www.clio-infra.eu/data/InfantMortality_Compact.xlsx,Infant Mortality,https://www.clio-infra.eu/Citations/DOI-10622_H83HEV.ris,"Baten, Joerg and Mathias Blum (2015). Infant Mortality. http://hdl.handle.net/10622/H83HEV, accessed via the Clio Infra website.",https://www.clio-infra.eu/citations/DOI-10622_H83HEV.xml
regulation_of_participation,https://www.clio-infra.eu/Citations/DOI-10622_V6AEFF.bib,measure,https://www.clio-infra.eu/data/RegulationofParticipation(PARREG)_Compact.xlsx,Regulation of Participation ,https://www.clio-infra.eu/Citations/DOI-10622_V6AEFF.ris,"Marshall, M. G., T. R. Gurr and K. Jaggers (2015). Regulation of Participation (PARREG). http://hdl.handle.net/10622/V6AEFF, accessed via the Clio Infra website.",https://www.clio-infra.eu/citations/DOI-10622_V6AEFF.xml
urbanization_ratio,https://www.clio-infra.eu/Citations/DOI-10622_LZ0Y36.bib,measure,https://www.clio-infra.eu/data/UrbanizationRatio_Compact.xlsx,Urbanization Ratio,https://www.clio-infra.eu/Citations/DOI-10622_LZ0Y36.ris,"Fink-Jensen, Jonathan (2015). Urbanization Ratio. http://hdl.handle.net/10622/LZ0Y36, accessed via the Clio Infra website.",https://www.clio-infra.eu/citations/DOI-10622_LZ0Y36.xml
total_pasture,https://www.clio-infra.eu/Citations/DOI-10622_KN40ZF.bib,measure,https://www.clio-infra.eu/data/TotalPasture_Compact.xlsx,Total Pasture,https://www.clio-infra.eu/Citations/DOI-10622_KN40ZF.ris,"Klein Goldewijk, Kees (2015). Total Pasture. http://hdl.handle.net/10622/KN40ZF, accessed via the Clio Infra website.",https://www.clio-infra.eu/citations/DOI-10622_KN40ZF.xml
sheep_per_capita,https://www.clio-infra.eu/Citations/DOI-10622_EPD5LB.bib,measure,https://www.clio-infra.eu/data/SheepperCapita_Compact.xlsx,Sheep per Capita,https://www.clio-infra.eu/Citations/DOI-10622_EPD5LB.ris,"Klein Goldewijk, Kees (2015). Sheep per Capita. http://hdl.handle.net/10622/EPD5LB, accessed via the Clio Infra website.",https://www.clio-infra.eu/citations/DOI-10622_EPD5LB.xml
polity2_index,https://www.clio-infra.eu/Citations/DOI-10622_HOPFWK.bib,measure,https://www.clio-infra.eu/data/Polity2Index_Compact.xlsx,Polity2 Index,https://www.clio-infra.eu/Citations/DOI-10622_HOPFWK.ris,"Marshall, M. G., K. Jaggers and T. R. Gurr (2015). Polity2 Index. http://hdl.handle.net/10622/HOPFWK, accessed via the Clio Infra website.",https://www.clio-infra.eu/citations/DOI-10622_HOPFWK.xml
height_gini,https://www.clio-infra.eu/Citations/DOI-10622_HKZPR9.bib,measure,https://www.clio-infra.eu/data/HeightGini_Compact.xlsx,Height Gini,https://www.clio-infra.eu/Citations/DOI-10622_HKZPR9.ris,"Baten, Joerg and Mathias Blum (2015). Height Gini. http://hdl.handle.net/10622/HKZPR9, accessed via the Clio Infra website.",https://www.clio-infra.eu/citations/DOI-10622_HKZPR9.xml
exchange_rates_to_uk_pound,https://www.clio-infra.eu/Citations/DOI-10622_N6BLB8.bib,measure,https://www.clio-infra.eu/data/ExchangeRatestoUKPound_Compact.xlsx,Exchange Rates to UK Pound,https://www.clio-infra.eu/Citations/DOI-10622_N6BLB8.ris,"Bosch, Reinoud and Koen van den Bos (2015). Exchange Rates to UK Pound. http://hdl.handle.net/10622/N6BLB8, accessed via the Clio Infra website.",https://www.clio-infra.eu/citations/DOI-10622_N6BLB8.xml
number_of_workers_involved,https://www.clio-infra.eu/Citations/DOI-10622_M0PI4D.bib,measure,https://www.clio-infra.eu/data/NumberofWorkersInvolvedinLabourDisputes_Compact.xlsx,Number of Workers Involved ,https://www.clio-infra.eu/Citations/DOI-10622_M0PI4D.ris,"Velden, Sjaak van der (2015). Number of Workers Involved in Labour Disputes. http://hdl.handle.net/10622/M0PI4D, accessed via the Clio Infra website.",https://www.clio-infra.eu/citations/DOI-10622_M0PI4D.xml
total_number_of_sheep,https://www.clio-infra.eu/Citations/DOI-10622_W7GOD6.bib,measure,https://www.clio-infra.eu/data/TotalNumberofSheep_Compact.xlsx,Total Number of Sheep,https://www.clio-infra.eu/Citations/DOI-10622_W7GOD6.ris,"Klein Goldewijk, Kees (2015). Total Number of Sheep. http://hdl.handle.net/10622/W7GOD6, accessed via the Clio Infra website.",https://www.clio-infra.eu/citations/DOI-10622_W7GOD6.xml
sex_ratio,https://www.clio-infra.eu/Citations/DOI-10622_RVRFKS.bib,measure,https://www.clio-infra.eu/data/SexRatio_Compact.xlsx,Sex Ratio,https://www.clio-infra.eu/Citations/DOI-10622_RVRFKS.ris,"Carmichael, Sarah, Selin Dilli and Auke Rijpma (2015). Sex Ratio. http://hdl.handle.net/10622/RVRFKS, accessed via the Clio Infra website.",https://www.clio-infra.eu/citations/DOI-10622_RVRFKS.xml
composite_measure,https://www.clio-infra.eu/Citations/DOI-10622_QIPFQF.bib,measure,https://www.clio-infra.eu/data/CompositeMeasureofWellbeing_Compact.xlsx,Composite Measure ,https://www.clio-infra.eu/Citations/DOI-10622_QIPFQF.ris,"Rijpma, Auke (2017). Composite measure of wellbeing. http://hdl.handle.net/10622/QIPFQF, accessed via the Clio Infra website.",https://www.clio-infra.eu/citations/DOI-10622_QIPFQF.xml
iron_ore_production,https://www.clio-infra.eu/Citations/DOI-10622_2KHSYM.bib,measure,https://www.clio-infra.eu/data/IronOreProduction_Compact.xlsx,Iron Ore Production,https://www.clio-infra.eu/Citations/DOI-10622_2KHSYM.ris,"Klein Goldewijk, Kees and Jonathan Fink-Jensen (2015). Iron Ore Production. http://hdl.handle.net/10622/2KHSYM, accessed via the Clio Infra website.",https://www.clio-infra.eu/citations/DOI-10622_2KHSYM.xml
life_expectancy_at_birth_total,https://www.clio-infra.eu/Citations/DOI-10622_LKYT53.bib,measure,https://www.clio-infra.eu/data/LifeExpectancyatBirth(Total)_Compact.xlsx,Life Expectancy at Birth (Total),https://www.clio-infra.eu/Citations/DOI-10622_LKYT53.ris,"Zijdeman, Richard and Filipa Ribeira da Silva (2015). Life Expectancy at Birth (Total). http://hdl.handle.net/10622/LKYT53, accessed via the Clio Infra website.",https://www.clio-infra.eu/citations/DOI-10622_LKYT53.xml
copper_production,https://www.clio-infra.eu/Citations/DOI-10622_GI7D06.bib,measure,https://www.clio-infra.eu/data/CopperProduction_Compact.xlsx,Copper Production,https://www.clio-infra.eu/Citations/DOI-10622_GI7D06.ris,"Klein Goldewijk, Kees and Jonathan Fink-Jensen (2015). Copper Production. http://hdl.handle.net/10622/GI7D06, accessed via the Clio Infra website.",https://www.clio-infra.eu/citations/DOI-10622_GI7D06.xml
income_inequality,https://www.clio-infra.eu/Citations/DOI-10622_6OHMDS.bib,measure,https://www.clio-infra.eu/data/IncomeInequality_Compact.xlsx,Income Inequality,https://www.clio-infra.eu/Citations/DOI-10622_6OHMDS.ris,"Moatsos, Michalis, Jan Luiten van Zanden, Joerg Baten, et al. (2015). Income Inequality. http://hdl.handle.net/10622/6OHMDS, accessed via the Clio Infra website.",https://www.clio-infra.eu/citations/DOI-10622_6OHMDS.xml
male_life_expectancy_at_birth,https://www.clio-infra.eu/Citations/DOI-10622_K879JA.bib,measure,https://www.clio-infra.eu/data/MalelifeExpectancyatBirth_Compact.xlsx,Male life Expectancy at Birth,https://www.clio-infra.eu/Citations/DOI-10622_K879JA.ris,"Ribeiro da Silva, Filipa (2015). Male life Expectancy at Birth. http://hdl.handle.net/10622/K879JA, accessed via the Clio Infra website.",https://www.clio-infra.eu/citations/DOI-10622_K879JA.xml
total_cropland,https://www.clio-infra.eu/Citations/DOI-10622_UQV70P.bib,measure,https://www.clio-infra.eu/data/TotalCropland_Compact.xlsx,Total Cropland,https://www.clio-infra.eu/Citations/DOI-10622_UQV70P.ris,"Klein Goldewijk, Kees (2015). Total Cropland. http://hdl.handle.net/10622/UQV70P, accessed via the Clio Infra website.",https://www.clio-infra.eu/citations/DOI-10622_UQV70P.xml
latent_democracy_variable,https://www.clio-infra.eu/Citations/DOI-10622_XYJ2H2.bib,measure,https://www.clio-infra.eu/data/LatentDemocracyVariable_Compact.xlsx,Latent Democracy Variable,https://www.clio-infra.eu/Citations/DOI-10622_XYJ2H2.ris,"Foldvari, Peter (2015). Latent Democracy Variable. http://hdl.handle.net/10622/XYJ2H2, accessed via the Clio Infra website.",https://www.clio-infra.eu/citations/DOI-10622_XYJ2H2.xml
total_number_of_pigs,https://www.clio-infra.eu/Citations/DOI-10622_FHU70A.bib,measure,https://www.clio-infra.eu/data/TotalNumberofPigs_Compact.xlsx,Total Number of Pigs,https://www.clio-infra.eu/Citations/DOI-10622_FHU70A.ris,"Klein Goldewijk, Kees (2015). Total Number of Pigs. http://hdl.handle.net/10622/FHU70A, accessed via the Clio Infra website.",https://www.clio-infra.eu/citations/DOI-10622_FHU70A.xml
polyarchy,https://www.clio-infra.eu/Citations/DOI-10622_OS5A57.bib,measure,https://www.clio-infra.eu/data/Polyarchy_Compact.xlsx,Polyarchy,https://www.clio-infra.eu/Citations/DOI-10622_OS5A57.ris,"Vanhanen, Tatu (2015). Polyarchy. http://hdl.handle.net/10622/OS5A57, accessed via the Clio Infra website.",https://www.clio-infra.eu/citations/DOI-10622_OS5A57.xml
average_years_of_education,https://www.clio-infra.eu/Citations/DOI-10622_KCBMKI.bib,measure,https://www.clio-infra.eu/data/AverageYearsofEducation_Compact.xlsx,Average Years of Education,https://www.clio-infra.eu/Citations/DOI-10622_KCBMKI.ris,"Leeuwen, Bas van and Jieli van Leeuwen-Li (2015). Average Years of Education. http://hdl.handle.net/10622/KCBMKI, accessed via the Clio Infra website.",https://www.clio-infra.eu/citations/DOI-10622_KCBMKI.xml
height,https://www.clio-infra.eu/Citations/DOI-10622_IAEKLA.bib,measure,https://www.clio-infra.eu/data/Height_Compact.xlsx,Height,https://www.clio-infra.eu/Citations/DOI-10622_IAEKLA.ris,"Baten, Joerg and Mathias Blum (2015). Height. http://hdl.handle.net/10622/IAEKLA, accessed via the Clio Infra website.",https://www.clio-infra.eu/citations/DOI-10622_IAEKLA.xml
competitiveness_of_executive,https://www.clio-infra.eu/Citations/DOI-10622_2EM9DE.bib,measure,https://www.clio-infra.eu/data/CompetitivenessofExecutiveRecruitment(XRCOMP)_Compact.xlsx,Competitiveness of Executive ,https://www.clio-infra.eu/Citations/DOI-10622_2EM9DE.ris,"Marshall, M. G., T. R. Gurr and K. Jaggers (2015). Competitiveness of Executive Recruitment (XRCOMP). http://hdl.handle.net/10622/2EM9DE, accessed via the Clio Infra website.",https://www.clio-infra.eu/citations/DOI-10622_2EM9DE.xml
aluminium_production,https://www.clio-infra.eu/Citations/DOI-10622_XNGK4X.bib,measure,https://www.clio-infra.eu/data/AluminiumProduction_Compact.xlsx,Aluminium Production,https://www.clio-infra.eu/Citations/DOI-10622_XNGK4X.ris,"Klein Goldewijk, Kees and Jonathan Fink-Jensen (2015). Aluminium Production. http://hdl.handle.net/10622/XNGK4X, accessed via the Clio Infra website.",https://www.clio-infra.eu/citations/DOI-10622_XNGK4X.xml
gender_equal_inheritance,https://www.clio-infra.eu/Citations/DOI-10622_Z5HDBU.bib,measure,https://www.clio-infra.eu/data/Gender-equalInheritance_Compact.xlsx,Gender-equal Inheritance,https://www.clio-infra.eu/Citations/DOI-10622_Z5HDBU.ris,"Carmichael, Sarah, Selin Dilli and Auke Rijpma (2015). Gender-equal Inheritance. http://hdl.handle.net/10622/Z5HDBU, accessed via the Clio Infra website.",https://www.clio-infra.eu/citations/DOI-10622_Z5HDBU.xml
educational_inequality_gini,https://www.clio-infra.eu/Citations/DOI-10622_KORKQW.bib,measure,https://www.clio-infra.eu/data/EducationalInequalityGiniCoefficient_Compact.xlsx,Educational Inequality Gini ,https://www.clio-infra.eu/Citations/DOI-10622_KORKQW.ris,"Leeuwen, Bas van and Jieli van Leeuwen-Li (2015). Educational Inequality Gini Coefficient. http://hdl.handle.net/10622/KORKQW, accessed via the Clio Infra website.",https://www.clio-infra.eu/citations/DOI-10622_KORKQW.xml
armed_conflicts_international,https://www.clio-infra.eu/Citations/DOI-10622_JQJIP6.bib,measure,https://www.clio-infra.eu/data/ArmedConflicts(International)_Compact.xlsx,Armed Conflicts (International),https://www.clio-infra.eu/Citations/DOI-10622_JQJIP6.ris,"Brecke, Peter (2015). Armed Conflicts (International). http://hdl.handle.net/10622/JQJIP6, accessed via the Clio Infra website.",https://www.clio-infra.eu/citations/DOI-10622_JQJIP6.xml
historical_gender_equality_index,https://www.clio-infra.eu/Citations/DOI-10622_VHYIAT.bib,measure,https://www.clio-infra.eu/data/HistoricalGenderEqualityIndex_Compact.xlsx,Historical Gender Equality Index,https://www.clio-infra.eu/Citations/DOI-10622_VHYIAT.ris,"Carmichael, Sarah, Selin Dilli and Auke Rijpma (2015). Historical Gender Equality Index. http://hdl.handle.net/10622/VHYIAT, accessed via the Clio Infra website.",https://www.clio-infra.eu/citations/DOI-10622_VHYIAT.xml
manganese_production,https://www.clio-infra.eu/Citations/DOI-10622_RA3SLU.bib,measure,https://www.clio-infra.eu/data/ManganeseProduction_Compact.xlsx,Manganese Production,https://www.clio-infra.eu/Citations/DOI-10622_RA3SLU.ris,"Klein Goldewijk, Kees and Jonathan Fink-Jensen (2015). Manganese Production. http://hdl.handle.net/10622/RA3SLU, accessed via the Clio Infra website.",https://www.clio-infra.eu/citations/DOI-10622_RA3SLU.xml
tin_production,https://www.clio-infra.eu/Citations/DOI-10622_WOTROV.bib,measure,https://www.clio-infra.eu/data/TinProduction_Compact.xlsx,Tin Production,https://www.clio-infra.eu/Citations/DOI-10622_WOTROV.ris,"Klein Goldewijk, Kees and Jonathan Fink-Jensen (2015). Tin Production. http://hdl.handle.net/10622/WOTROV, accessed via the Clio Infra website.",https://www.clio-infra.eu/citations/DOI-10622_WOTROV.xml
total_urban_population,https://www.clio-infra.eu/Citations/DOI-10622_KICLW5.bib,measure,https://www.clio-infra.eu/data/TotalUrbanPopulation_Compact.xlsx,Total Urban Population,https://www.clio-infra.eu/Citations/DOI-10622_KICLW5.ris,"Fink-Jensen, Jonathan (2015). Total Urban Population. http://hdl.handle.net/10622/KICLW5, accessed via the Clio Infra website.",https://www.clio-infra.eu/citations/DOI-10622_KICLW5.xml
silver_production,https://www.clio-infra.eu/Citations/DOI-10622_OX6FCP.bib,measure,https://www.clio-infra.eu/data/SilverProduction_Compact.xlsx,Silver Production,https://www.clio-infra.eu/Citations/DOI-10622_OX6FCP.ris,"Klein Goldewijk, Kees and Jonathan Fink-Jensen (2015). Silver Production. http://hdl.handle.net/10622/OX6FCP, accessed via the Clio Infra website.",https://www.clio-infra.eu/citations/DOI-10622_OX6FCP.xml
homicide_rates,https://www.clio-infra.eu/Citations/DOI-10622_FMI6L9.bib,measure,https://www.clio-infra.eu/data/HomicideRates_Compact.xlsx,Homicide Rates,https://www.clio-infra.eu/Citations/DOI-10622_FMI6L9.ris,"Fink-Jensen, Jonathan (2015). Homicide Rates. http://hdl.handle.net/10622/FMI6L9, accessed via the Clio Infra website.",https://www.clio-infra.eu/citations/DOI-10622_FMI6L9.xml
cropland_per_capita,https://www.clio-infra.eu/Citations/DOI-10622_DONJXY.bib,measure,https://www.clio-infra.eu/data/CroplandperCapita_Compact.xlsx,Cropland per Capita,https://www.clio-infra.eu/Citations/DOI-10622_DONJXY.ris,"Klein Goldewijk, Kees (2015). Cropland per Capita. http://hdl.handle.net/10622/DONJXY, accessed via the Clio Infra website.",https://www.clio-infra.eu/citations/DOI-10622_DONJXY.xml
political_competition,https://www.clio-infra.eu/Citations/DOI-10622_4ZDPWP.bib,measure,https://www.clio-infra.eu/data/PoliticalCompetition_Compact.xlsx,Political Competition,https://www.clio-infra.eu/Citations/DOI-10622_4ZDPWP.ris,"Vanhanen, Tatu (2015). Political Competition. http://hdl.handle.net/10622/4ZDPWP, accessed via the Clio Infra website.",https://www.clio-infra.eu/citations/DOI-10622_4ZDPWP.xml
zinc_production,https://www.clio-infra.eu/Citations/DOI-10622_EXA3CI.bib,measure,https://www.clio-infra.eu/data/ZincProduction_Compact.xlsx,Zinc Production,https://www.clio-infra.eu/Citations/DOI-10622_EXA3CI.ris,"Klein Goldewijk, Kees and Jonathan Fink-Jensen (2015). Zinc Production. http://hdl.handle.net/10622/EXA3CI, accessed via the Clio Infra website.",https://www.clio-infra.eu/citations/DOI-10622_EXA3CI.xml
unified_democracy_scores,https://www.clio-infra.eu/Citations/DOI-10622_Y9G2ZV.bib,measure,https://www.clio-infra.eu/data/UnifiedDemocracyScores(UDS)_Compact.xlsx,Unified Democracy Scores ,https://www.clio-infra.eu/Citations/DOI-10622_Y9G2ZV.ris,"Melton, James, Stephen Meserve and Daniel Pemstein (2015). Unifid Democracy Scores (UDS). http://hdl.handle.net/10622/Y9G2ZV, accessed via the Clio Infra website.",https://www.clio-infra.eu/citations/DOI-10622_Y9G2ZV.xml
inflation,https://www.clio-infra.eu/Citations/DOI-10622_UJ3H1Q.bib,measure,https://www.clio-infra.eu/data/Inflation_Compact.xlsx,Inflation,https://www.clio-infra.eu/Citations/DOI-10622_UJ3H1Q.ris,"Zwart, Pim de (2015). Inflation. http://hdl.handle.net/10622/UJ3H1Q, accessed via the Clio Infra website.",https://www.clio-infra.eu/citations/DOI-10622_UJ3H1Q.xml
regulation_of_chief_executive,https://www.clio-infra.eu/Citations/DOI-10622_IHPUXP.bib,measure,https://www.clio-infra.eu/data/RegulationofChiefExecutiveRecruitment(XRREG)_Compact.xlsx,Regulation of Chief Executive ,https://www.clio-infra.eu/Citations/DOI-10622_IHPUXP.ris,"Marshall, M. G., T. R. Gurr and K. Jaggers (2015). Regulation of Chief Executive Recruitment (XRREG). http://hdl.handle.net/10622/IHPUXP, accessed via the Clio Infra website.",https://www.clio-infra.eu/citations/DOI-10622_IHPUXP.xml
total_cattle,https://www.clio-infra.eu/Citations/DOI-10622_W2CS9J.bib,measure,https://www.clio-infra.eu/data/TotalCattle_Compact.xlsx,Total Cattle,https://www.clio-infra.eu/Citations/DOI-10622_W2CS9J.ris,"Klein Goldewijk, Kees (2015). Total Cattle. http://hdl.handle.net/10622/W2CS9J, accessed via the Clio Infra website.",https://www.clio-infra.eu/citations/DOI-10622_W2CS9J.xml
number_of_labour_disputes,https://www.clio-infra.eu/Citations/DOI-10622_H4C6B7.bib,measure,https://www.clio-infra.eu/data/NumberofLabourDisputes_Compact.xlsx,Number of Labour Disputes,https://www.clio-infra.eu/Citations/DOI-10622_H4C6B7.ris,"Velden, Sjaak van der (2015). Number of Labour Disputes. http://hdl.handle.net/10622/H4C6B7, accessed via the Clio Infra website.",https://www.clio-infra.eu/citations/DOI-10622_H4C6B7.xml
cattle_per_capita,https://www.clio-infra.eu/Citations/DOI-10622_SO62N5.bib,measure,https://www.clio-infra.eu/data/CattleperCapita_Compact.xlsx,Cattle per Capita,https://www.clio-infra.eu/Citations/DOI-10622_SO62N5.ris,"Klein Goldewijk, Kees (2015). Cattle per Capita. http://hdl.handle.net/10622/SO62N5, accessed via the Clio Infra website.",https://www.clio-infra.eu/citations/DOI-10622_SO62N5.xml
number_of_days_lost_in,https://www.clio-infra.eu/Citations/DOI-10622_NJ9PTI.bib,measure,https://www.clio-infra.eu/data/NumberofDaysLostinLabourDisputes_Compact.xlsx,Number of Days Lost in ,https://www.clio-infra.eu/Citations/DOI-10622_NJ9PTI.ris,"Velden, Sjaak van der (2015). Number of Days Lost in Labour Disputes. http://hdl.handle.net/10622/NJ9PTI, accessed via the Clio Infra website.",https://www.clio-infra.eu/citations/DOI-10622_NJ9PTI.xml
armed_conflicts_internal,https://www.clio-infra.eu/Citations/DOI-10622_ORW1HI.bib,measure,https://www.clio-infra.eu/data/Armedconflicts(Internal)_Compact.xlsx,Armed Conflicts (Internal),https://www.clio-infra.eu/Citations/DOI-10622_ORW1HI.ris,"Brecke, Peter (2015). Armed conflicts (Internal). http://hdl.handle.net/10622/ORW1HI, accessed via the Clio Infra website.",https://www.clio-infra.eu/citations/DOI-10622_ORW1HI.xml
gold_production,https://www.clio-infra.eu/Citations/DOI-10622_MRQ2XJ.bib,measure,https://www.clio-infra.eu/data/GoldProduction_Compact.xlsx,Gold Production,https://www.clio-infra.eu/Citations/DOI-10622_MRQ2XJ.ris,"Klein Goldewijk, Kees and Jonathan Fink-Jensen (2015). Gold Production. http://hdl.handle.net/10622/MRQ2XJ, accessed via the Clio Infra website.",https://www.clio-infra.eu/citations/DOI-10622_MRQ2XJ.xml
biodiversity_naturalness,https://www.clio-infra.eu/Citations/DOI-10622_VCTVKE.bib,measure,https://www.clio-infra.eu/data/Biodiversity-naturalness_Compact.xlsx,Biodiversity - naturalness,https://www.clio-infra.eu/Citations/DOI-10622_VCTVKE.ris,"Klein Goldewijk, Kees (2015). Biodiversity - naturalness. http://hdl.handle.net/10622/VCTVKE, accessed via the Clio Infra website.",https://www.clio-infra.eu/citations/DOI-10622_VCTVKE.xml
gold_standard,https://www.clio-infra.eu/Citations/DOI-10622_MX7AIJ.bib,measure,https://www.clio-infra.eu/data/GoldStandard_Compact.xlsx,Gold Standard,https://www.clio-infra.eu/Citations/DOI-10622_MX7AIJ.ris,"Reinhart, Carmen M. and Kenneth S. Rogoff (2015). Gold Standard. http://hdl.handle.net/10622/MX7AIJ, accessed via the Clio Infra website.",https://www.clio-infra.eu/citations/DOI-10622_MX7AIJ.xml
tungsten_production,https://www.clio-infra.eu/Citations/DOI-10622_RV5NJG.bib,measure,https://www.clio-infra.eu/data/TungstenProduction_Compact.xlsx,Tungsten Production,https://www.clio-infra.eu/Citations/DOI-10622_RV5NJG.ris,"Klein Goldewijk, Kees and Jonathan Fink-Jensen (2015). Tungsten Production. http://hdl.handle.net/10622/RV5NJG, accessed via the Clio Infra website.",https://www.clio-infra.eu/citations/DOI-10622_RV5NJG.xml
lead_production,https://www.clio-infra.eu/Citations/DOI-10622_LKWIXZ.bib,measure,https://www.clio-infra.eu/data/LeadProduction_Compact.xlsx,Lead Production,https://www.clio-infra.eu/Citations/DOI-10622_LKWIXZ.ris,"Klein Goldewijk, Kees and Jonathan Fink-Jensen (2015). Lead Production. http://hdl.handle.net/10622/LKWIXZ, accessed via the Clio Infra website.",https://www.clio-infra.eu/citations/DOI-10622_LKWIXZ.xml
total_so2_emissions,https://www.clio-infra.eu/Citations/DOI-10622_RPUJDO.bib,measure,https://www.clio-infra.eu/data/TotalSO2Emissions_Compact.xlsx,Total SO2 Emissions,https://www.clio-infra.eu/Citations/DOI-10622_RPUJDO.ris,"Klein Goldewijk, Kees (2015). Total SO2 Emissions. http://hdl.handle.net/10622/RPUJDO, accessed via the Clio Infra website.",https://www.clio-infra.eu/citations/DOI-10622_RPUJDO.xml
co2_emissions_per_capita,https://www.clio-infra.eu/Citations/DOI-10622_DG654S.bib,measure,https://www.clio-infra.eu/data/CO2EmissionsperCapita_Compact.xlsx,CO2 Emissions per Capita,https://www.clio-infra.eu/Citations/DOI-10622_DG654S.ris,"Klein Goldewijk, Kees (2015). CO2 Emissions per Capita. http://hdl.handle.net/10622/DG654S, accessed via the Clio Infra website.",https://www.clio-infra.eu/citations/DOI-10622_DG654S.xml
gdp_per_capita,https://www.clio-infra.eu/Citations/DOI-10622_8FCYOX.bib,measure,https://www.clio-infra.eu/data/GDPperCapita_Compact.xlsx,GDP per Capita,https://www.clio-infra.eu/Citations/DOI-10622_8FCYOX.ris,"Bolt, Jutta and Jan Luiten van Zanden (2015). GDP per Capita. http://hdl.handle.net/10622/8FCYOX, accessed via the Clio Infra website.",https://www.clio-infra.eu/citations/DOI-10622_8FCYOX.xml
gender_equality_of_numeracy,https://www.clio-infra.eu/Citations/DOI-10622_T2BLXB.bib,measure,https://www.clio-infra.eu/data/GenderEqualityofNumeracy_Compact.xlsx,Gender Equality of Numeracy,https://www.clio-infra.eu/Citations/DOI-10622_T2BLXB.ris,"Baten, Joerg (2015). Gender Equality of Numeracy. http://hdl.handle.net/10622/T2BLXB, accessed via the Clio Infra website.",https://www.clio-infra.eu/citations/DOI-10622_T2BLXB.xml
universities_founded,https://www.clio-infra.eu/Citations/DOI-10622_KVRJPW.bib,measure,https://www.clio-infra.eu/data/UniversitiesFounded_Compact.xlsx,Universities Founded,https://www.clio-infra.eu/Citations/DOI-10622_KVRJPW.ris,"Foldvari, Peter (2015). Universities Founded. http://hdl.handle.net/10622/KVRJPW, accessed via the Clio Infra website.",https://www.clio-infra.eu/citations/DOI-10622_KVRJPW.xml
goats_per_capita,https://www.clio-infra.eu/Citations/DOI-10622_BSS0NQ.bib,measure,https://www.clio-infra.eu/data/GoatsperCapita_Compact.xlsx,Goats per Capita,https://www.clio-infra.eu/Citations/DOI-10622_BSS0NQ.ris,"Klein Goldewijk, Kees (2015). Goats per Capita. http://hdl.handle.net/10622/BSS0NQ, accessed via the Clio Infra website.",https://www.clio-infra.eu/citations/DOI-10622_BSS0NQ.xml
so2_emissions_per_capita,https://www.clio-infra.eu/Citations/DOI-10622_IRT0YU.bib,measure,https://www.clio-infra.eu/data/SO2EmissionsperCapita_Compact.xlsx,SO2 Emissions per Capita,https://www.clio-infra.eu/Citations/DOI-10622_IRT0YU.ris,"Klein Goldewijk, Kees (2015). SO2 Emissions per Capita. http://hdl.handle.net/10622/IRT0YU, accessed via the Clio Infra website.",https://www.clio-infra.eu/citations/DOI-10622_IRT0YU.xml
bauxite_production,https://www.clio-infra.eu/Citations/DOI-10622_SPBP7D.bib,measure,https://www.clio-infra.eu/data/BauxiteProduction_Compact.xlsx,Bauxite Production,https://www.clio-infra.eu/Citations/DOI-10622_SPBP7D.ris,"Klein Goldewijk, Kees and Jonathan Fink-Jensen (2015). Bauxite Production. http://hdl.handle.net/10622/SPBP7D, accessed via the Clio Infra website.",https://www.clio-infra.eu/citations/DOI-10622_SPBP7D.xml
long_term_government,https://www.clio-infra.eu/Citations/DOI-10622_CYRM1P.bib,measure,https://www.clio-infra.eu/data/Long-TermGovernmentBondYield_Compact.xlsx,Long-Term Government ,https://www.clio-infra.eu/Citations/DOI-10622_CYRM1P.ris,"Verriet, John and Reinoud Bosch (2015). Long-Term Government Bond Yield. http://hdl.handle.net/10622/CYRM1P, accessed via the Clio Infra website.",https://www.clio-infra.eu/citations/DOI-10622_CYRM1P.xml
nickel_production,https://www.clio-infra.eu/Citations/DOI-10622_ZGRJQY.bib,measure,https://www.clio-infra.eu/data/NickelProduction_Compact.xlsx,Nickel Production,https://www.clio-infra.eu/Citations/DOI-10622_ZGRJQY.ris,"Klein Goldewijk, Kees and Jonathan Fink-Jensen (2015). Nickel Production. http://hdl.handle.net/10622/ZGRJQY, accessed via the Clio Infra website.",https://www.clio-infra.eu/citations/DOI-10622_ZGRJQY.xml
labourers_real_wage,https://www.clio-infra.eu/Citations/DOI-10622_QK8VRF.bib,measure,https://www.clio-infra.eu/data/LabourersRealWage_Compact.xlsx,Labourers Real Wage,https://www.clio-infra.eu/Citations/DOI-10622_QK8VRF.ris,"Zwart, Pim de, Bas van Leeuwen and Jieli van Leeuwen-Li (2015). Labourers Real Wage. http://hdl.handle.net/10622/QK8VRF, accessed via the Clio Infra website.",https://www.clio-infra.eu/citations/DOI-10622_QK8VRF.xml
female_life_expectancy_at_birth,https://www.clio-infra.eu/Citations/DOI-10622_G5L8IO.bib,measure,https://www.clio-infra.eu/data/FemalelifeexpectancyatBirth_Compact.xlsx,Female life Expectancy at Birth,https://www.clio-infra.eu/Citations/DOI-10622_G5L8IO.ris,"Ribeiro da Silva, Filipa (2015). Female life expectancy at Birth. http://hdl.handle.net/10622/G5L8IO, accessed via the Clio Infra website.",https://www.clio-infra.eu/citations/DOI-10622_G5L8IO.xml
total_number_of_goats,https://www.clio-infra.eu/Citations/DOI-10622_NKAQPL.bib,measure,https://www.clio-infra.eu/data/TotalNumberofGoats_Compact.xlsx,Total Number of Goats,https://www.clio-infra.eu/Citations/DOI-10622_NKAQPL.ris,"Klein Goldewijk, Kees (2015). Total Number of Goats. http://hdl.handle.net/10622/NKAQPL, accessed via the Clio Infra website.",https://www.clio-infra.eu/citations/DOI-10622_NKAQPL.xml
total_co2_emissions,https://www.clio-infra.eu/Citations/DOI-10622_CCYQY7.bib,measure,https://www.clio-infra.eu/data/TotalCO2Emissions_Compact.xlsx,Total CO2 Emissions,https://www.clio-infra.eu/Citations/DOI-10622_CCYQY7.ris,"Klein Goldewijk, Kees (2015). Total CO2 Emissions. http://hdl.handle.net/10622/CCYQY7, accessed via the Clio Infra website.",https://www.clio-infra.eu/citations/DOI-10622_CCYQY7.xml
total_gross_central_government,https://www.clio-infra.eu/Citations/DOI-10622_YXFPRL.bib,measure,https://www.clio-infra.eu/data/TotalGrossCentralGovernmentDebtasaPercentageofGDP_Compact.xlsx,Total Gross Central Government ,https://www.clio-infra.eu/Citations/DOI-10622_YXFPRL.ris,"Verriet, Jon and Reinoud Bosch (2015). Total Gross Central Government Debt as a Percentage of GDP. http://hdl.handle.net/10622/YXFPRL, accessed via the Clio Infra website.",https://www.clio-infra.eu/citations/DOI-10622_YXFPRL.xml
book_titles_per_capita,https://www.clio-infra.eu/Citations/DOI-10622_AOQMAZ.bib,measure,https://www.clio-infra.eu/data/BookTitlesperCapita_Compact.xlsx,Book Titles per Capita,https://www.clio-infra.eu/Citations/DOI-10622_AOQMAZ.ris,"Fink-Jensen, Jonathan (2015). Book Titles per Capita. http://hdl.handle.net/10622/AOQMAZ, accessed via the Clio Infra website.",https://www.clio-infra.eu/citations/DOI-10622_AOQMAZ.xml
share_of_women_in_parliament,https://www.clio-infra.eu/Citations/DOI-10622_NMYPT2.bib,measure,https://www.clio-infra.eu/data/ShareofWomeninParliament_Compact.xlsx,Share of Women in Parliament,https://www.clio-infra.eu/Citations/DOI-10622_NMYPT2.ris,"Armingeon, Klaus, David Weisstanner, Sarah Engler, et al. (2015). Share of Women in Parliament. http://hdl.handle.net/10622/NMYPT2, accessed via the Clio Infra website.",https://www.clio-infra.eu/citations/DOI-10622_NMYPT2.xml
competitiveness_of_participations,https://www.clio-infra.eu/Citations/DOI-10622_9J8MJG.bib,measure,https://www.clio-infra.eu/data/CompetitivenessofParticipations(PARCOMP)_Compact.xlsx,Competitiveness of Participations ,https://www.clio-infra.eu/Citations/DOI-10622_9J8MJG.ris,"Marshall, M. G., T. R. Gurr and K. Jaggers (2015). Competitiveness of Participations (PARCOMP). http://hdl.handle.net/10622/9J8MJG, accessed via the Clio Infra website.",https://www.clio-infra.eu/citations/DOI-10622_9J8MJG.xml
executive_constraints,https://www.clio-infra.eu/Citations/DOI-10622_UEALPE.bib,measure,https://www.clio-infra.eu/data/ExecutiveConstraints(XCONST)_Compact.xlsx,Executive Constraints ,https://www.clio-infra.eu/Citations/DOI-10622_UEALPE.ris,"Marshall, M. G., T. R. Gurr and K. Jaggers (2015). Executive Constraints (XCONST). http://hdl.handle.net/10622/UEALPE, accessed via the Clio Infra website.",https://www.clio-infra.eu/citations/DOI-10622_UEALPE.xml
gender_equality_years,https://www.clio-infra.eu/Citations/DOI-10622_OTHFUK.bib,measure,https://www.clio-infra.eu/data/GenderEqualityYearsofEducation_Compact.xlsx,Gender Equality Years ,https://www.clio-infra.eu/Citations/DOI-10622_OTHFUK.ris,"Carmichael, Sarah, Selin Dilli and Auke Rijpma (2015). Gender Equality Years of Education. http://hdl.handle.net/10622/OTHFUK, accessed via the Clio Infra website.",https://www.clio-infra.eu/citations/DOI-10622_OTHFUK.xml
name,,string,,name,,,
concept_type,,string,,concept_type,,,
downloaded_from,,string,,downloaded_from,,,
text_citation,,string,,text_citation,,,
xml_citation,,string,,xml_citation,,,
ris_citation,,string,,ris_citation,,,
bib_citation,,string,,bib_citation,,,
country,,entity_domain,,country,,,
ccode,,string,,ccode,,,
year,,time,,year,,,
